instance,time_min_1,time_max_1,time_mean_1,time_median_1,time_std_1,time_q1_1,time_q3_1,avg_rss12_min_1,avg_rss12_max_1,avg_rss12_mean_1,avg_rss12_median_1,avg_rss12_std_1,avg_rss12_q1_1,avg_rss12_q3_1,var_rss12_min_1,var_rss12_max_1,var_rss12_mean_1,var_rss12_median_1,var_rss12_std_1,var_rss12_q1_1,var_rss12_q3_1,avg_rss13_min_1,avg_rss13_max_1,avg_rss13_mean_1,avg_rss13_median_1,avg_rss13_std_1,avg_rss13_q1_1,avg_rss13_q3_1,var_rss13_min_1,var_rss13_max_1,var_rss13_mean_1,var_rss13_median_1,var_rss13_std_1,var_rss13_q1_1,var_rss13_q3_1,avg_rss23_min_1,avg_rss23_max_1,avg_rss23_mean_1,avg_rss23_median_1,avg_rss23_std_1,avg_rss23_q1_1,avg_rss23_q3_1,var_rss23_min_1,var_rss23_max_1,var_rss23_mean_1,var_rss23_median_1,var_rss23_std_1,var_rss23_q1_1,var_rss23_q3_1,time_min_2,time_max_2,time_mean_2,time_median_2,time_std_2,time_q1_2,time_q3_2,avg_rss12_min_2,avg_rss12_max_2,avg_rss12_mean_2,avg_rss12_median_2,avg_rss12_std_2,avg_rss12_q1_2,avg_rss12_q3_2,var_rss12_min_2,var_rss12_max_2,var_rss12_mean_2,var_rss12_median_2,var_rss12_std_2,var_rss12_q1_2,var_rss12_q3_2,avg_rss13_min_2,avg_rss13_max_2,avg_rss13_mean_2,avg_rss13_median_2,avg_rss13_std_2,avg_rss13_q1_2,avg_rss13_q3_2,var_rss13_min_2,var_rss13_max_2,var_rss13_mean_2,var_rss13_median_2,var_rss13_std_2,var_rss13_q1_2,var_rss13_q3_2,avg_rss23_min_2,avg_rss23_max_2,avg_rss23_mean_2,avg_rss23_median_2,avg_rss23_std_2,avg_rss23_q1_2,avg_rss23_q3_2,var_rss23_min_2,var_rss23_max_2,var_rss23_mean_2,var_rss23_median_2,var_rss23_std_2,var_rss23_q1_2,var_rss23_q3_2,time_min_3,time_max_3,time_mean_3,time_median_3,time_std_3,time_q1_3,time_q3_3,avg_rss12_min_3,avg_rss12_max_3,avg_rss12_mean_3,avg_rss12_median_3,avg_rss12_std_3,avg_rss12_q1_3,avg_rss12_q3_3,var_rss12_min_3,var_rss12_max_3,var_rss12_mean_3,var_rss12_median_3,var_rss12_std_3,var_rss12_q1_3,var_rss12_q3_3,avg_rss13_min_3,avg_rss13_max_3,avg_rss13_mean_3,avg_rss13_median_3,avg_rss13_std_3,avg_rss13_q1_3,avg_rss13_q3_3,var_rss13_min_3,var_rss13_max_3,var_rss13_mean_3,var_rss13_median_3,var_rss13_std_3,var_rss13_q1_3,var_rss13_q3_3,avg_rss23_min_3,avg_rss23_max_3,avg_rss23_mean_3,avg_rss23_median_3,avg_rss23_std_3,avg_rss23_q1_3,avg_rss23_q3_3,var_rss23_min_3,var_rss23_max_3,var_rss23_mean_3,var_rss23_median_3,var_rss23_std_3,var_rss23_q1_3,var_rss23_q3_3
bending1_dataset3.csv,0.0,39750.0,19875.0,19875.0,11546.779854141154,9937.5,29812.5,38.75,46.5,43.945125,44.5,1.3824050543798658,42.75,45.0,0.0,1.5,0.35012499999999996,0.43,0.3064249245329107,0.0,0.5,14.25,29.0,23.3910625,24.0,2.0896765888753577,22.5,24.0,0.0,2.74,0.45499999999999996,0.43,0.4939926618888179,0.0,0.8225,30.0,38.5,36.348875,36.29,1.2132039129408543,36.0,37.0,0.0,1.5,0.5306875,0.5,0.4941724419104631,0.0,1.0,40000.0,79750.0,59875.0,59875.0,11546.779854141154,49937.5,69812.5,36.5,47.0,44.3241875,45.0,1.6291268642569707,43.5,45.25,0.0,1.48,0.40806249999999994,0.43,0.3496810991371281,0.0,0.5,6.5,29.25,22.303625,23.0,3.3191545398452,20.25,24.0,0.0,4.44,0.623,0.47,0.6698953276445507,0.0,0.87,29.0,38.33,34.71425000000001,35.325,2.4687721011668935,33.0,36.33,0.0,1.79,0.5850625,0.5,0.5666711975155876,0.0,1.22,80000.0,119750.0,99875.0,99875.0,11546.779854141154,89937.5,109812.5,35.0,47.4,43.5941875,43.5,1.5630205020548356,42.75,44.8125,0.0,1.7,0.5205624999999999,0.5,0.3349967292284359,0.45999999999999996,0.71,15.25,29.75,20.672375,19.75,2.8937815846008488,18.25,23.5,0.0,2.05,0.4139375,0.43,0.436403048905195,0.0,0.5,30.0,38.25,35.70225,36.0,1.7458915881291142,36.0,36.5,0.0,1.5,0.364125,0.0,0.44451151208377043,0.0,0.5
bending1_dataset4.csv,0.0,39750.0,19875.0,19875.0,11546.779854141154,9937.5,29812.5,35.25,47.75,43.6211875,45.0,3.3375468857895845,42.6875,45.5,0.0,3.0,0.59475,0.47,0.5541682393461393,0.0,0.83,11.0,30.0,23.145812499999998,23.75,3.222584458139732,21.6275,24.5,0.0,4.15,0.71375,0.5,0.6851968239126623,0.0,1.205,32.0,38.67,36.5305,36.75,1.2846871214424156,36.0,37.269999999999996,0.0,1.5,0.6544375,0.83,0.5353103619338505,0.0,1.0,40000.0,79750.0,59875.0,59875.0,11546.779854141154,49937.5,69812.5,33.0,46.67,42.1004375,43.375,3.477447941176654,39.25,45.0,0.0,2.83,0.7282500000000001,0.5,0.6535351463387413,0.0,1.12,8.5,28.25,21.7769375,22.125,3.723097164471235,20.0,24.3125,0.0,4.77,1.0678125,0.87,0.8946519378192561,0.47,1.41,28.0,38.5,34.0583125,34.835,2.65042053782862,32.5,36.0,0.0,1.53,0.567375,0.47,0.5317347641211735,0.0,1.0225,80000.0,119750.0,99875.0,99875.0,11546.779854141154,89937.5,109812.5,34.5,45.25,40.8178125,42.0,3.628550446093281,36.75,44.5,0.0,2.86,0.7651249999999999,0.605,0.6642185140260696,0.0,1.3,9.0,29.25,21.628125,22.875,4.221610946590768,18.9375,24.25,0.0,5.15,1.1881875000000002,0.83,1.1539393787559857,0.43,1.6025,20.0,38.25,29.8929375,30.0,3.6305026506110347,26.9375,32.5,0.0,2.18,0.61875,0.47,0.499877172413384,0.43,0.87
bending1_dataset5.csv,0.0,39750.0,19875.0,19875.0,11546.779854141154,9937.5,29812.5,33.0,45.0,40.6738125,41.5,3.1932033038696033,38.0,43.25,0.0,2.18,0.6983124999999999,0.5,0.5103212491595368,0.43,1.0225,3.0,28.0,18.8588125,20.375,5.426210967594584,14.73,24.0,0.0,6.42,1.2514375000000002,0.87,1.2651762954599448,0.43,1.89,23.67,35.25,29.0874375,29.75,2.236322943716705,27.5,30.0,0.0,1.64,0.43937499999999996,0.43,0.4192607892171649,0.0,0.7324999999999999,40000.0,79750.0,59875.0,59875.0,11546.779854141154,49937.5,69812.5,38.25,45.75,42.8464375,42.585,1.5210100866180178,42.0,43.67,0.0,2.83,0.4405,0.48,0.36375953595747834,0.0,0.5,10.75,28.25,19.723937499999998,19.5,3.719828977398524,17.4375,22.8125,0.0,5.55,0.7139375,0.5,0.7169031462434448,0.43,0.9624999999999999,27.0,37.5,31.848875000000003,31.71,2.1227152386448354,30.1875,32.5625,0.0,1.79,0.41237500000000005,0.43,0.4445650788973421,0.0,0.5,80000.0,119750.0,99875.0,99875.0,11546.779854141154,89937.5,109812.5,39.25,42.5,41.5139375,41.5,0.39712733611997814,41.5,41.67,0.0,1.12,0.469125,0.5,0.24392721122293837,0.47,0.5,12.5,24.0,18.4369375,18.5,2.4222102501834457,16.7875,20.5,0.0,2.35,0.56025,0.47,0.45230237397121853,0.43,0.83,26.0,30.5,28.6349375,29.25,1.3573959430076952,27.0,30.0,0.0,1.0,0.298125,0.43,0.26217882137007176,0.0,0.5
bending1_dataset6.csv,0.0,39750.0,19875.0,19875.0,11546.779854141154,9937.5,29812.5,41.0,48.0,44.792125,45.0,0.7946425198634918,45.0,45.0,0.0,1.3,0.1779375,0.0,0.2893162129811428,0.0,0.43,7.75,27.0,18.918875000000003,18.75,3.8132763123559505,16.31,21.0,0.0,10.03,1.1183125,0.82,1.238385653721711,0.43,1.41,15.0,33.5,24.0943125,23.75,2.5537929198241094,22.75,25.0,0.0,5.26,0.8114999999999999,0.605,0.775815055280574,0.43,1.0925,40000.0,79750.0,59875.0,59875.0,11546.779854141154,49937.5,69812.5,39.0,45.0,42.819875,42.5,1.017247503990548,42.25,43.5,0.0,1.02,0.44350000000000006,0.5,0.2648494855573633,0.43,0.5,6.25,20.75,14.8451875,15.0,2.686061934290375,13.25,16.3725,0.0,4.5,0.8800000000000001,0.5,0.9303500685225965,0.43,1.22,10.0,26.25,22.263875000000002,22.875,2.3050547681942395,21.5,23.5,0.0,2.87,0.705875,0.5,0.48540239428231086,0.43,0.87,80000.0,119750.0,99875.0,99875.0,11546.779854141154,89937.5,109812.5,37.0,46.5,42.752875,42.71,1.183755880397221,42.5,43.0,0.0,1.58,0.5128125,0.5,0.2859811442101559,0.43,0.71,5.75,23.25,13.615937500000001,13.25,2.674952405388505,12.0,15.0,0.0,5.21,0.54975,0.43,0.6373656230924288,0.0,0.82,8.0,26.0,22.7461875,23.5,2.215686369918755,22.33,24.0,0.0,4.06,0.5215625,0.47,0.5288236318412312,0.0,0.71
bending1_dataset7.csv,0.0,39750.0,19875.0,19875.0,11546.779854141154,9937.5,29812.5,40.75,45.0,43.06725,42.775,0.9945972488902228,42.0,43.75,0.0,1.12,0.40875000000000006,0.47,0.27570987922089407,0.0,0.5,4.0,26.33,15.4130625,15.0,3.6941555186664448,13.1875,17.0,0.0,5.17,0.8255624999999999,0.5,0.9113525298114612,0.30000000000000004,1.12,11.33,30.75,23.47725,23.0,4.602762343147862,21.0,28.125,0.0,2.28,0.5221875,0.43,0.5136933324890931,0.0,0.83,40000.0,79750.0,59875.0,59875.0,11546.779854141154,49937.5,69812.5,36.67,48.0,44.613687500000005,44.5,1.4535988192564515,44.33,45.0,0.0,1.5,0.3714375,0.47,0.27635087948792564,0.0,0.5,1.5,24.0,16.7839375,18.0,3.8260567326026083,15.1875,18.25,0.0,2.5,0.460625,0.43,0.5571183531126936,0.0,0.71,16.25,25.5,21.331375,21.25,2.237749563596204,19.25,23.5,0.0,2.12,0.5123125,0.47,0.41917511536796886,0.0,0.83,80000.0,119750.0,99875.0,99875.0,11546.779854141154,89937.5,109812.5,36.25,48.0,44.226437499999996,44.5,1.8557236953797165,44.25,44.75,0.0,1.25,0.45918749999999997,0.47,0.22579850496349615,0.43,0.5,3.0,22.0,15.4070625,15.875,3.519335625667684,13.6875,18.0,0.0,3.56,0.712875,0.47,0.8079722980245053,0.0,1.0,13.75,26.0,21.502625000000002,21.5,1.9817131122781118,20.73,23.0,0.0,2.96,0.6314375,0.5,0.5139125009121203,0.43,0.87
bending2_dataset3.csv,0.0,39750.0,19875.0,19875.0,11546.779854141154,9937.5,29812.5,21.0,50.0,27.839874999999996,25.29,7.313676656400323,24.25,26.0625,0.0,6.5,0.5076875,0.47,0.6329318899721754,0.43,0.5,2.75,26.75,13.1666875,13.0,4.763562837031096,9.33,16.27,0.0,6.44,0.9731874999999999,0.5,1.1703543116696542,0.43,1.2625,9.0,33.75,23.133499999999998,22.835,6.066261018947338,18.5,28.5,0.0,13.61,1.6263750000000001,1.09,1.7557428938699995,0.5,2.0524999999999998,40000.0,79750.0,59875.0,59875.0,11546.779854141154,49937.5,69812.5,32.25,48.0,36.807875,34.75,4.6133579672918295,33.0,42.0,0.0,9.9,0.6055625,0.43,1.0423427620479504,0.0,1.0,11.33,28.25,18.26425,18.0,3.96318252008408,15.0,21.25,0.0,7.4,0.6550625,0.47,0.968604019243029,0.0,0.7374999999999999,5.0,28.5,19.4853125,20.585,4.788027767499239,16.0,23.67,0.0,7.13,1.1318750000000002,0.83,1.2593109164836935,0.47,1.3,80000.0,119750.0,99875.0,99875.0,11546.779854141154,89937.5,109812.5,27.0,35.25,33.110875,33.0,1.049627545548896,33.0,33.75,0.0,1.5,0.43512500000000004,0.0,0.605379000606232,0.0,1.2625,0.0,24.33,10.393937500000002,10.0,5.775126848918018,5.5,14.75,0.0,4.92,0.9784375000000001,0.83,0.8838265857020539,0.43,1.3,11.5,23.75,18.4183125,18.5,1.9662013572733972,18.0,19.5,0.0,4.5,0.7278749999999999,0.605,0.49587093519886805,0.47,0.8875
bending2_dataset4.csv,0.0,39750.0,19875.0,19875.0,11546.779854141154,9937.5,29812.5,30.0,33.0,31.124312500000002,31.25,0.8787182582282845,30.25,31.67,0.0,1.0,0.399625,0.47,0.29248266508461657,0.0,0.5,0.0,14.5,8.0718125,9.0,3.8658773053271815,5.0,11.0,0.0,4.44,0.8412499999999999,0.5,0.8595498458495586,0.43,1.0,11.0,23.25,18.60125,18.25,2.077085021731176,17.6275,19.535,0.0,6.4,0.7371874999999999,0.71,0.7022296382550013,0.47,0.94,40000.0,79750.0,59875.0,59875.0,11546.779854141154,49937.5,69812.5,28.5,30.5,29.607000000000006,30.0,0.5080081200138438,29.0,30.0,0.0,0.5,0.11193750000000002,0.0,0.19777985512622362,0.0,0.0,1.25,12.75,6.003937500000001,5.75,2.28963427671184,4.75,7.0,0.0,2.06,0.39799999999999996,0.43,0.39878064145592623,0.0,0.5,14.75,19.5,16.8675,16.67,1.0629240330334055,16.0,17.5,0.0,1.7,0.7018125,0.71,0.30354339038060113,0.5,0.94,80000.0,119750.0,99875.0,99875.0,11546.779854141154,89937.5,109812.5,27.5,30.0,28.914499999999997,29.0,0.6328208672286337,28.5,29.33,0.0,0.87,0.25775,0.43,0.24845258601994868,0.0,0.47,0.0,13.67,10.423,11.0,2.171743481629449,9.33,12.0,0.0,2.5,0.39468749999999997,0.43,0.4617587598993115,0.0,0.5,15.75,21.33,18.8849375,18.75,1.1386927795036508,18.25,19.67,0.0,1.48,0.665875,0.71,0.3242306036989722,0.47,0.87
bending2_dataset5.csv,0.0,39750.0,19875.0,19875.0,11546.779854141154,9937.5,29812.5,25.25,39.25,31.110125000000004,28.0,5.033524235997578,27.0,36.5,0.0,3.67,0.330875,0.0,0.5136345825341203,0.0,0.47,0.0,21.25,6.766062499999999,6.125,6.125517437008383,1.0,11.25,0.0,3.3,0.57025,0.43,0.7392521136256561,0.0,0.83,9.25,30.0,19.0726875,18.5,3.6388339000761976,17.33,20.5,0.0,6.02,0.9043749999999999,0.605,0.9475136460099137,0.47,1.0,40000.0,79750.0,59875.0,59875.0,11546.779854141154,49937.5,69812.5,19.0,43.75,25.4610625,21.33,6.168576983072656,21.0,30.0,0.0,6.4,0.7072499999999999,0.47,0.9676272203178248,0.0,0.8574999999999999,1.0,25.33,17.385875000000002,17.75,4.715624479787911,14.6275,21.0,0.0,5.76,1.0534375,0.83,1.0596273206150122,0.30000000000000004,1.5,1.67,28.5,14.87525,15.5,4.46665408191635,12.31,17.67,0.0,6.73,1.4963125,1.12,1.2349471759325377,0.6425,2.165,80000.0,119750.0,99875.0,99875.0,11546.779854141154,89937.5,109812.5,27.0,45.5,36.243125000000006,38.25,7.430391829128192,27.67,43.5,0.0,4.92,0.363375,0.0,0.5724889600463925,0.0,0.5,7.0,32.75,19.6175625,19.125,4.541905402316714,15.75,24.0,0.0,11.42,0.7089375,0.47,1.1338791805539734,0.0,0.87,8.5,36.0,21.219312499999997,18.225,6.94937372374977,15.1875,27.0,0.0,5.61,0.921375,0.82,0.9205443277621127,0.43,1.22
bending2_dataset6.csv,0.0,39750.0,19875.0,19875.0,11546.779854141154,9937.5,29812.5,25.0,47.5,36.337374999999994,38.29,4.883306575403084,30.5,40.0625,0.0,6.38,0.6866875,0.5,0.7973093203667884,0.0,0.955,2.33,28.33,19.068062500000003,20.5,5.551506270472344,16.5,24.0,0.0,5.32,0.8688750000000001,0.5,0.9256247805536539,0.0,1.2275,3.0,40.33,22.569875,24.0,7.500023665587663,18.375,28.27,0.0,3.74,0.9908125,0.82,0.8350411455992753,0.47,1.25,40000.0,79750.0,59875.0,59875.0,11546.779854141154,49937.5,69812.5,27.5,32.0,29.390562499999998,29.5,0.8537866001488604,29.0,30.0,0.0,1.5,0.27825,0.185,0.32265412983564923,0.0,0.47,2.0,19.0,12.821125,14.0,3.3974374511350462,11.6275,15.0,0.0,4.44,0.8806875,0.71,0.8048230565433312,0.43,1.2625,0.0,15.75,10.427187499999999,10.75,3.7546529752886286,8.25,13.69,0.0,4.92,1.1356249999999999,1.0,0.8642950071445513,0.5,1.41,80000.0,119750.0,99875.0,99875.0,11546.779854141154,89937.5,109812.5,25.0,33.0,27.4468125,27.0,1.251595667475623,27.0,27.67,0.0,2.18,0.25143750000000004,0.0,0.3202008097955875,0.0,0.47,2.75,19.0,14.0008125,14.67,2.4072512778776853,13.0,15.0625,0.0,5.15,0.7210624999999998,0.47,0.9574560021712487,0.0,0.83,0.0,18.25,10.224499999999999,11.0,3.7856230993061106,7.9375,13.27,0.0,4.5,1.167875,1.0,0.7795322215117217,0.71,1.41
cycling_dataset10.csv,0.0,39750.0,19875.0,19875.0,11546.779854141154,9937.5,29812.5,29.67,44.0,36.8854375,36.0,3.7125112536656037,33.75,40.3725,0.0,7.78,2.6702500000000002,2.165,1.7093777925022895,1.3,3.87,6.0,24.0,14.554624999999998,14.25,3.12193127076414,12.25,16.5,0.0,7.52,2.9210000000000003,2.62,1.6353238211436902,1.7675,3.925,8.67,22.0,17.1373125,17.33,2.5510923449267278,15.9375,19.0,0.0,8.38,2.637,2.205,1.65292309258477,1.41,3.6550000000000002,40000.0,79750.0,59875.0,59875.0,11546.779854141154,49937.5,69812.5,28.33,44.0,36.4963125,35.75,3.8553241792803563,33.4375,39.5625,0.0,10.47,2.6793750000000003,2.145,1.8996696053195672,1.25,4.03,5.67,21.25,14.104000000000003,14.25,3.1339229010937717,12.0,16.0,0.0,6.61,2.7193125,2.55,1.4205008455976893,1.6549999999999998,3.5625,10.67,23.5,17.1144375,17.0,2.653193063761804,15.4575,19.0,0.0,8.99,2.6828125,2.45,1.5966993971451702,1.5,3.6399999999999997,80000.0,119750.0,99875.0,99875.0,11546.779854141154,89937.5,109812.5,27.0,45.0,37.0768125,36.33,4.089546792108357,33.75,41.25,0.0,9.49,2.4508125,1.745,1.835100123928869,1.22,3.6475,6.33,25.0,17.249249999999996,17.125,3.379851429796878,15.0,19.0625,0.0,10.61,3.17075,2.9299999999999997,1.8627256742472842,1.79,4.1725,11.0,24.67,17.637062500000003,18.0,3.071168669430865,15.1875,20.0,0.0,8.62,3.3428750000000003,2.975,1.8152098320511048,2.0575,4.3
cycling_dataset11.csv,0.0,39750.0,19875.0,19875.0,11546.779854141154,9937.5,29812.5,27.67,44.33,36.662625000000006,35.875,4.063719738044813,33.644999999999996,40.5,0.0,9.12,2.8476875,2.17,1.972521616445242,1.3,4.5,7.0,25.0,17.095,16.5,3.3393784975650784,15.0,19.3125,0.0,9.63,3.2684374999999997,3.0149999999999997,1.906892939730427,1.79,4.245,7.67,24.5,17.619187500000002,17.71,3.2165659040106345,15.5,20.25,0.0,8.93,3.331875,3.27,1.700225054036965,2.0575,4.4174999999999995,40000.0,79750.0,59875.0,59875.0,11546.779854141154,49937.5,69812.5,27.0,44.0,36.587062499999995,36.125,3.9802916973626132,33.1875,39.8125,0.0,8.51,2.8506875000000003,2.49,1.8239970264075953,1.3,4.0825,8.5,25.25,16.452375,16.5,3.214427337703405,14.31,18.5,0.0,8.6,3.0623125,2.98,1.6208540271547436,1.92,3.9225000000000003,9.5,23.0,16.603312499999998,16.365,2.972364951069056,14.75,19.0,0.0,8.56,3.0773125,2.755,1.6288342157333724,2.01,3.84,80000.0,119750.0,99875.0,99875.0,11546.779854141154,89937.5,109812.5,28.25,44.0,36.37531249999999,36.25,3.9941655764807433,33.125,39.25,0.0,10.43,2.8455,2.47,1.8717093791505133,1.41,3.9325,6.0,27.67,14.9208125,15.0,3.38044708061578,12.5,17.27,0.0,7.59,2.8356250000000003,2.55,1.6527687706920773,1.685,3.6775,9.67,23.33,16.965375,16.875,2.9730119171263,15.0,19.5,0.0,9.18,3.2671875,2.725,1.948762162205473,1.7,4.5
cycling_dataset12.csv,0.0,39750.0,19875.0,19875.0,11546.779854141154,9937.5,29812.5,20.0,44.25,35.587875,35.625,4.837158823563167,33.0,39.0625,0.0,11.39,3.354625,2.83,2.2834222910742987,1.5,4.452500000000001,8.67,27.0,16.3244375,16.125,3.340844718569504,14.0,18.8125,0.0,9.46,2.89025,2.685,1.7701433381226503,1.48,4.050000000000001,4.0,22.33,16.1915625,16.585,3.225451043434662,14.5,18.3725,0.0,9.39,3.1628749999999997,2.87,1.888581606490702,1.7675,4.3500000000000005,40000.0,79750.0,59875.0,59875.0,11546.779854141154,49937.5,69812.5,26.67,43.75,36.0165,36.0,4.150495934222801,33.31,39.33,0.0,8.84,3.2340625000000003,2.86,1.8495889059717432,1.9849999999999999,4.245,5.0,22.0,14.835874999999998,15.0,3.0005087875850323,13.0,16.75,0.0,8.34,3.0051875000000003,2.865,1.6259477897041315,1.7,3.9,7.0,21.0,15.1205625,15.33,3.012285105794893,13.1875,17.0,0.0,8.81,3.1704375,3.0149999999999997,1.61150447830397,2.05,4.09,80000.0,119750.0,99875.0,99875.0,11546.779854141154,89937.5,109812.5,18.5,44.0,35.6526875,36.0,4.798395528960045,32.6275,39.5,0.0,12.6,3.395625,2.8,2.251323412878523,1.79,4.33,8.0,24.5,17.00475,17.0,3.595602166188579,14.4575,19.5,0.0,8.96,2.7179375,2.49,1.69768853771643,1.4625,3.5625,7.25,24.33,16.6916875,17.0,2.8943892321772746,15.0,18.75,0.0,8.26,2.8756875,2.49,1.7119187414546726,1.79,3.7475
cycling_dataset13.csv,0.0,39750.0,19875.0,19875.0,11546.779854141154,9937.5,29812.5,19.0,43.75,35.688187500000005,36.0,4.839274464198508,33.33,39.75,0.0,11.2,3.5661249999999995,3.0149999999999997,2.3302124333148253,1.7975,5.1049999999999995,8.67,22.75,16.469875000000002,17.0,3.2340180092842714,14.25,18.75,0.0,8.73,3.0644375000000004,2.83,1.8036060222769688,1.69,4.245,0.0,24.75,16.113374999999998,16.5,3.8744244552417073,14.0,18.67,0.0,8.5,3.2889375000000003,3.0999999999999996,1.6795756893018399,2.1025,4.425,40000.0,79750.0,59875.0,59875.0,11546.779854141154,49937.5,69812.5,19.25,43.25,35.536249999999995,36.125,4.959323763125372,32.6875,39.33,0.0,10.54,3.851,3.3099999999999996,2.400272953228445,2.06,5.077500000000001,7.67,22.0,16.426625,16.75,2.6902225482987463,15.0,18.25,0.0,8.87,2.8713749999999996,2.49,1.5912367389470996,1.775,3.9625,10.5,22.75,15.894875000000003,15.415,2.654794716051507,14.0,17.27,0.0,7.87,2.9425,2.77,1.6143652003186888,1.7675,3.765,80000.0,119750.0,99875.0,99875.0,11546.779854141154,89937.5,109812.5,27.33,43.33,36.4151875,36.125,3.9119467615042707,33.1875,39.69,0.0,8.29,2.8258125,2.49,1.800765278942192,1.3824999999999998,3.9925,8.5,26.5,17.174625000000002,17.29,3.0105397953481696,15.25,19.27,0.0,8.86,3.44925,3.2350000000000003,1.876598168894982,2.0575,4.905,10.67,26.5,19.2266875,19.5,2.9086276235269017,17.25,21.33,0.47,7.89,3.047625,2.83,1.5573007446781113,1.87,3.9
cycling_dataset14.csv,0.0,39750.0,19875.0,19875.0,11546.779854141154,9937.5,29812.5,28.0,42.33,36.5036875,37.25,3.5716019903320344,34.0,39.25,0.0,8.86,2.6199375,2.165,1.8725078427322408,1.12,3.6950000000000003,10.0,28.0,18.856375,18.625,3.7032721152212136,16.5,21.67,0.0,9.78,3.1306874999999996,2.975,1.9233639547271728,1.56,4.2475000000000005,9.75,27.0,18.6429375,19.0,3.8718107193009517,15.5,21.3725,0.0,9.57,3.5661249999999995,3.0949999999999998,1.942745154253383,2.1675,4.702500000000001,40000.0,79750.0,59875.0,59875.0,11546.779854141154,49937.5,69812.5,24.33,43.0,36.1193125,36.625,4.053708506089671,33.0,39.0625,0.0,9.71,2.725,2.05,2.249769988243243,1.12,3.7475,7.4,24.25,17.5174375,18.0,3.428035014201831,15.0,19.75,0.0,7.73,3.0053125,2.77,1.6000284848538635,1.885,4.0675,7.67,25.75,17.693375,17.625,3.573118016435365,15.25,20.05,0.0,8.81,3.46475,3.27,1.9105787572094484,2.1574999999999998,4.5625,80000.0,119750.0,99875.0,99875.0,11546.779854141154,89937.5,109812.5,23.33,43.5,36.109249999999996,36.0,3.8002736003477438,33.33,39.0,0.0,9.63,2.863125,2.29,2.122394045500269,1.3,3.8025,7.0,28.5,18.9333125,19.25,4.6568202297644845,15.5,22.5,0.0,8.55,3.2533749999999997,3.02,1.8769782522381553,1.79,4.4025,10.5,26.67,19.155124999999998,19.0,3.2129688349523406,17.0,21.5,0.0,11.15,3.5606250000000004,3.0999999999999996,2.028055931027298,2.2875,4.5
cycling_dataset15.csv,0.0,39750.0,19875.0,19875.0,11546.779854141154,9937.5,29812.5,29.33,44.5,36.79475,35.875,3.7108790990141407,34.0,39.8125,0.0,8.18,2.4598125,2.085,1.535613261809024,1.3,3.27,8.5,26.75,17.569312500000002,17.585,3.3679730777344035,15.67,19.5425,0.0,8.05,3.0638125,2.86,1.6875525443208428,2.05,4.105,7.0,24.67,19.1185,19.71,3.177902649547339,16.75,21.5,0.0,8.26,2.9545625,2.57,1.7045259043481122,1.79,3.9025,40000.0,79750.0,59875.0,59875.0,11546.779854141154,49937.5,69812.5,24.25,45.0,37.3584375,36.25,3.731961372200113,34.6275,40.75,0.0,7.56,2.3613125000000004,1.79,1.6231389812162575,1.3,3.05,5.5,23.75,16.018812500000003,16.585,3.73615199300614,13.4575,18.5625,0.0,7.83,3.0451875,2.77,1.5784323599203578,1.7,4.0225,12.5,25.5,20.0125,20.5,2.7768027927816554,18.25,22.0625,0.0,9.07,3.0526875,2.71,1.947186984432607,1.5,4.0825,80000.0,119750.0,99875.0,99875.0,11546.779854141154,89937.5,109812.5,29.0,44.67,37.377937499999994,36.55,3.237193440481083,35.25,40.0625,0.0,8.58,2.3015,1.92,1.6357804712124424,1.3,3.05,9.5,23.0,16.005125,15.71,2.884569289231063,14.0,18.0,0.0,7.43,2.6228124999999998,2.45,1.4837861924292697,1.5,3.58,11.75,24.33,19.69075,20.25,2.605826776188317,18.0,21.5,0.0,9.34,2.7579374999999997,2.36,1.8796083690741936,1.3,3.6950000000000003
cycling_dataset4.csv,0.0,39750.0,19875.0,19875.0,11546.779854141154,9937.5,29812.5,26.0,44.0,36.2690625,36.0,3.286133898077458,34.25,38.75,0.0,7.65,2.6439999999999997,2.415,1.523025442991679,1.41,3.54,8.5,23.0,15.630875,15.25,3.1754561458749513,13.6275,17.5,0.0,8.23,3.1864375,2.9,1.7551414995930528,1.87,4.5125,2.5,21.25,15.332624999999998,15.71,3.049772017606398,13.6875,17.5,0.0,9.98,3.4785000000000004,3.255,1.8613621356415309,2.05,4.569999999999999,40000.0,79750.0,59875.0,59875.0,11546.779854141154,49937.5,69812.5,28.67,44.0,36.17425,35.625,3.5750897803411874,33.5,39.25,0.0,12.28,3.0746875,2.37,2.0578790422043154,1.64,4.26,5.5,21.5,14.537187499999998,14.9,2.9763257911128864,12.4375,16.5,0.47,8.03,3.0434375,2.9050000000000002,1.460127582985045,1.79,4.06,7.0,22.75,15.815625,16.0,2.932409139150777,13.6275,18.0,0.0,8.5,3.6717500000000003,3.585,1.744831850781043,2.49,4.725,80000.0,119750.0,99875.0,99875.0,11546.779854141154,89937.5,109812.5,19.0,43.5,36.241875,35.75,3.7001191175927026,34.0,39.0,0.0,10.53,2.7763750000000003,2.12,2.0011832398296265,1.495,3.67,8.0,25.25,16.1054375,16.0,3.373815875028415,14.0,18.0625,0.0,9.5,3.1275,2.94,1.8061319165553773,1.7675,4.15,6.0,24.5,16.468875000000004,16.5,3.3867290612588126,14.2375,19.0,0.0,8.61,3.2918125000000003,2.995,1.8493373380332074,1.8,4.425
cycling_dataset5.csv,0.0,39750.0,19875.0,19875.0,11546.779854141154,9937.5,29812.5,29.0,43.0,36.5518125,36.0,3.357675883679625,34.25,39.0625,0.0,10.85,2.9099375000000003,2.415,1.920286598686183,1.58,3.9,9.67,24.0,17.999187499999998,18.25,3.003652770352084,16.5,20.0,0.0,6.94,2.74925,2.52,1.5464619094888823,1.495,3.925,3.0,22.0,15.605624999999998,15.75,3.151270118440341,13.9375,17.75,0.0,7.31,3.2146249999999994,3.085,1.5793870992809205,2.0575,4.5,40000.0,79750.0,59875.0,59875.0,11546.779854141154,49937.5,69812.5,28.0,43.75,36.689,36.0,3.357815733479132,34.5,39.0,0.0,7.93,2.9028125000000005,2.12,2.080279179543878,1.3,4.6425,8.33,27.67,18.4715625,17.75,4.180763319490085,15.25,22.0,0.0,9.63,2.952375,2.55,1.9852646194840124,1.29,4.04,6.0,24.67,16.293875000000003,16.5,3.101837557702692,14.5,18.5,0.0,8.19,3.1832499999999997,2.87,1.662490432303296,1.85,4.44,80000.0,119750.0,99875.0,99875.0,11546.779854141154,89937.5,109812.5,26.5,44.33,36.8210625,36.0,3.8349785848285713,34.5,39.8125,0.0,12.89,3.106375,2.495,2.198767691088579,1.4625,4.262499999999999,11.0,28.25,18.719625,17.75,3.975681370454001,15.73,22.0,0.0,9.22,3.2281874999999998,2.935,1.9819343051281366,1.6549999999999998,4.5,11.0,22.67,17.5405,17.67,2.253559073998283,16.0,19.27,0.0,8.04,2.8220625,2.59,1.611645547598401,1.8,3.3625
cycling_dataset6.csv,0.0,39750.0,19875.0,19875.0,11546.779854141154,9937.5,29812.5,27.8,43.75,36.928312500000004,36.25,3.8240343914959434,34.5,40.3725,0.0,10.5,2.8719375,2.37,1.8960071521736805,1.41,3.8025,3.0,24.5,16.281875,16.5,3.303683207327089,14.475,18.3725,0.0,10.57,3.1394375,2.865,1.8290695198908515,1.79,4.03,8.67,22.0,16.01125,16.25,2.9251407551603394,14.0,18.0,0.0,8.06,2.88725,2.6,1.7048045892418286,1.6175,3.77,40000.0,79750.0,59875.0,59875.0,11546.779854141154,49937.5,69812.5,25.33,44.67,37.281124999999996,36.5,3.6782589270434727,35.0,40.0,0.0,10.84,2.7715625000000004,2.1500000000000004,2.060452482731342,1.2875,3.925,10.0,27.25,17.1519375,17.0,3.69881695560807,14.4575,19.5625,0.0,8.0,3.070625,2.87,1.8877339879800332,1.56,4.0875,10.0,22.25,16.734437500000002,16.875,2.6302599079926967,15.0,18.67,0.0,9.07,3.1473125,2.8,1.9124855299697694,1.7675,4.0225,80000.0,119750.0,99875.0,99875.0,11546.779854141154,89937.5,109812.5,26.75,45.0,37.1335,36.25,3.6054403683877503,34.9375,40.269999999999996,0.0,10.2,2.5465,2.12,1.7862121934417534,1.3,3.5025000000000004,8.25,26.67,16.557937499999998,16.5,3.7512588048672075,13.9175,19.25,0.0,8.96,3.2055625000000005,2.99,1.8172206617782416,1.79,4.245,6.75,23.33,16.7169375,16.67,2.909528311615776,15.0,18.75,0.0,9.5,3.1945,2.87,1.8295507645321023,1.89,4.345000000000001
cycling_dataset7.csv,0.0,39750.0,19875.0,19875.0,11546.779854141154,9937.5,29812.5,26.75,44.0,36.8041875,36.415,3.688361843670405,34.9375,39.75,0.0,11.26,2.7896875000000003,2.12,2.1939095873220826,1.22,4.3500000000000005,8.25,25.0,15.303437499999998,15.25,3.1390279241500467,13.5,17.5,0.0,8.18,3.0156875,2.87,1.6703882864004256,1.69,3.9775,8.0,22.5,16.316375,16.5,3.00575936484859,14.0,18.75,0.0,8.81,2.9935,2.685,1.7906239136122357,1.64,3.9,40000.0,79750.0,59875.0,59875.0,11546.779854141154,49937.5,69812.5,27.33,44.75,36.934124999999995,36.125,3.5674515391768113,34.475,40.0,0.0,11.68,2.89875,2.49,2.1975684716294963,1.2875,4.045,9.0,25.33,17.742625,17.29,3.5058824651398397,15.33,20.415,0.0,9.01,3.1551875000000003,2.8449999999999998,1.9310825888199992,1.5,4.3225,8.67,23.0,16.4133125,16.585,2.5775784958646266,15.0,18.25,0.0,8.44,2.8273125,2.5949999999999998,1.500390250016225,1.7675,3.535,80000.0,119750.0,99875.0,99875.0,11546.779854141154,89937.5,109812.5,28.33,43.67,36.8518125,36.33,3.393003807814508,34.457499999999996,39.75,0.0,10.5,2.5835,2.12,1.9261458278126296,1.12,3.7025,7.0,27.0,16.438187499999998,15.67,3.6633819538568115,13.787500000000001,19.0,0.0,8.07,2.8699375000000003,2.74,1.6932895118950422,1.5,3.9699999999999998,10.0,22.33,17.013749999999998,17.0,2.2701318106004327,15.4575,18.75,0.0,7.73,2.4991250000000003,2.47,1.339570541022383,1.5,3.4
cycling_dataset8.csv,0.0,39750.0,19875.0,19875.0,11546.779854141154,9937.5,29812.5,29.75,43.25,36.7871875,36.25,3.3551347163480263,34.457499999999996,39.3125,0.0,7.36,2.5084375000000003,2.335,1.6292358434535346,1.3,3.6399999999999997,7.0,22.67,14.597125,14.58,2.9471822109219854,12.5,16.5,0.0,7.05,2.7924375,2.5,1.5345922694949787,1.6375,3.9025,6.0,22.25,15.911375000000001,16.25,2.9473262220824825,13.9375,18.25,0.0,8.26,3.057875,2.525,1.7220868109288219,1.79,4.0649999999999995,40000.0,79750.0,59875.0,59875.0,11546.779854141154,49937.5,69812.5,26.25,44.25,37.0651875,36.5,3.5939054265302737,34.5,40.542500000000004,0.0,8.64,2.3639375,1.79,1.85770426093438,1.09,3.2775,8.0,26.5,16.089625,15.875,2.7935839184415063,14.0,18.0,0.0,8.0,2.7113125000000005,2.525,1.503144255334048,1.5,3.5475,5.33,22.25,16.0410625,16.5,2.8298207975230074,14.0,18.27,0.0,7.53,2.8089375,2.59,1.5461810198336254,1.56,3.685,80000.0,119750.0,99875.0,99875.0,11546.779854141154,89937.5,109812.5,29.25,44.25,37.019999999999996,36.5,3.3321931591670975,34.5,40.25,0.0,7.37,2.387875,2.0549999999999997,1.6702658424259893,1.2425,3.2175000000000002,8.0,23.5,15.253500000000003,15.0,3.1542551022388787,13.0,17.67,0.0,8.06,2.8486874999999996,2.5949999999999998,1.5822290928761709,1.6475,3.8775,2.0,21.0,16.015062500000003,16.29,2.764283134212874,14.25,18.0,0.0,8.34,2.9370624999999997,2.5,1.6063365139639172,1.79,3.7475
cycling_dataset9.csv,0.0,39750.0,19875.0,19875.0,11546.779854141154,9937.5,29812.5,27.75,44.0,37.11381250000001,36.67,3.754969352716977,34.1875,40.5,0.0,10.76,2.329,1.83,1.712066806523624,1.22,3.2775,3.0,23.75,15.2994375,15.25,3.473539125818759,13.4375,17.75,0.0,9.0,3.0203125,2.685,1.9055932218980394,1.5,3.9625,9.75,21.0,16.4088125,16.71,2.593374580511606,14.75,18.69,0.0,8.75,3.0904375,2.87,1.6456508389065252,2.005,4.0675,40000.0,79750.0,59875.0,59875.0,11546.779854141154,49937.5,69812.5,30.5,44.0,37.1295,36.25,3.864231941796455,33.75,40.0625,0.0,7.15,2.5153125000000003,1.9699999999999998,1.5983514639602112,1.2425,3.91,7.0,21.0,14.589249999999998,14.75,2.8080020811067787,12.73,16.33,0.0,7.71,2.7574375000000004,2.49,1.597005888716053,1.5,3.7800000000000002,9.0,23.0,16.8038125,17.0,2.664335487479711,14.6875,18.75,0.0,8.15,2.67725,2.29,1.59599614269584,1.5,3.67,80000.0,119750.0,99875.0,99875.0,11546.779854141154,89937.5,109812.5,31.0,44.67,37.1911875,36.25,3.6420238830688287,34.1875,40.542500000000004,0.0,7.79,2.412875,1.95,1.6062002472839432,1.3,3.3425,0.0,24.75,15.10675,15.125,3.4893288305202765,13.0,17.5,0.0,8.15,2.771125,2.5,1.606761489573048,1.63,3.915,0.0,22.0,17.1079375,17.29,2.753472375218925,15.31,18.75,0.0,7.93,2.699625,2.495,1.631254841946837,1.3,3.685
lying_dataset10.csv,0.0,39750.0,19875.0,19875.0,11546.779854141154,9937.5,29812.5,24.5,29.75,27.788062500000002,27.25,1.1383488573779788,27.0,29.0,0.0,1.48,0.2343125,0.0,0.3559996872804104,0.0,0.43,0.0,11.75,6.0471875,6.71,2.404098108406508,4.9375,7.75,0.0,3.57,0.8430624999999999,0.71,0.7096345863144989,0.43,1.09,4.75,12.5,9.31175,9.0,1.4843110986245436,8.5,10.0625,0.0,3.54,0.6112500000000001,0.5,0.5630672140162309,0.0,0.94,40000.0,79750.0,59875.0,59875.0,11546.779854141154,49937.5,69812.5,23.5,29.75,26.624000000000002,27.0,1.1107335414040578,26.0,27.0,0.0,1.79,0.430375,0.43,0.4634744970060381,0.0,0.7374999999999999,0.0,13.25,6.781125,6.29,3.796917168490116,3.5,10.5,0.0,3.42,0.9625625000000001,0.87,0.7335378712743806,0.43,1.5,0.0,21.0,8.56075,8.415,4.811161313809796,4.9375,11.69,0.0,4.5,0.8154999999999999,0.7649999999999999,0.6551972985292294,0.43,1.0225,80000.0,119750.0,99875.0,99875.0,11546.779854141154,89937.5,109812.5,24.67,30.0,28.7370625,29.0,1.207266331881143,28.0,29.75,0.0,1.25,0.426375,0.43,0.3162405878046017,0.0,0.5,0.0,13.0,5.406,4.585,3.8569833095309085,2.5,8.5,0.0,5.02,0.8045,0.5,0.8684028443067192,0.0,1.2625,0.0,17.0,7.138562500000001,6.71,4.681116432924282,3.0,10.69,0.0,3.3,0.7794375,0.82,0.595190354923322,0.47,1.09
lying_dataset11.csv,0.0,39750.0,19875.0,19875.0,11546.779854141154,9937.5,29812.5,48.0,48.0,48.0,48.0,0.0,48.0,48.0,0.0,0.0,0.0,0.0,0.0,0.0,0.0,1.0,9.25,5.61125,6.0,1.5089167264961973,5.25,6.25,0.0,2.86,0.39718749999999997,0.43,0.44424257432595315,0.0,0.4775,1.0,10.25,3.7838125,4.0,1.8104950538026194,2.0,5.0,0.0,2.28,0.696625,0.71,0.4143351413710886,0.47,0.94,40000.0,79750.0,59875.0,59875.0,11546.779854141154,49937.5,69812.5,48.0,48.25,48.0015625,48.0,0.019702375332685144,48.0,48.0,0.0,0.43,0.0026875,0.0,0.033888085572218445,0.0,0.0,0.0,13.0,4.278499999999999,3.75,3.4031735556682974,1.33,6.25,0.0,2.45,0.384,0.43,0.4429082862173613,0.0,0.5,0.0,12.0,8.5948125,9.0,2.035569629082668,8.5,9.5,0.0,2.5,0.5554375,0.5,0.4119342284804092,0.43,0.83,80000.0,119750.0,99875.0,99875.0,11546.779854141154,89937.5,109812.5,48.0,48.25,48.0109375,48.0,0.05113458803735491,48.0,48.0,0.0,0.43,0.0188125,0.0,0.08795149142425045,0.0,0.0,0.0,9.75,4.811937500000001,5.0,2.22714938230325,3.0,6.25,0.0,2.12,0.41075,0.43,0.45237228860751405,0.0,0.5,9.0,12.0,10.496062499999999,10.415,0.7892140844496821,10.0,11.25,0.0,1.3,0.6716249999999999,0.73,0.31438807129883284,0.47,0.83
lying_dataset12.csv,0.0,39750.0,19875.0,19875.0,11546.779854141154,9937.5,29812.5,39.33,41.0,39.924875,40.0,0.3159786137937186,39.75,40.0,0.0,1.0,0.758625,0.83,0.2136951318467503,0.5,0.94,9.0,14.5,11.986,12.0,0.6661542614139762,12.0,12.0625,0.0,1.63,0.2524375,0.0,0.3787326677139827,0.0,0.47,0.0,12.75,3.0566875,1.33,3.4276748171820137,1.0,5.0625,0.0,3.11,0.46262499999999995,0.0,0.6507625214892142,0.0,0.71,40000.0,79750.0,59875.0,59875.0,11546.779854141154,49937.5,69812.5,39.0,40.0,39.55125,39.5,0.14134952246116753,39.5,39.67,0.0,0.94,0.5100625,0.5,0.11887228900694223,0.5,0.5,0.0,14.5,10.047812500000001,11.75,3.0660266779406453,8.33,12.0,0.0,2.12,0.3465625,0.43,0.3737697266951271,0.0,0.47,0.0,13.5,7.6550625,8.75,4.007503898450225,4.4375,11.5,0.0,2.35,0.6376875,0.5,0.4955744417781752,0.43,0.83,80000.0,119750.0,99875.0,99875.0,11546.779854141154,89937.5,109812.5,39.0,40.0,39.527375,39.5,0.12554624397010103,39.5,39.5,0.0,0.83,0.4821249999999999,0.5,0.0849587215946662,0.47,0.5,2.0,15.0,10.468812499999999,11.5,2.516833420161881,9.0,12.0,0.0,2.49,0.44331249999999994,0.43,0.4469811543496549,0.0,0.82,0.0,14.5,6.6266875,6.0,3.2865983025529224,4.1875,9.5,0.0,3.49,0.8074999999999999,0.71,0.616097597787883,0.47,1.0225
lying_dataset13.csv,0.0,39750.0,19875.0,19875.0,11546.779854141154,9937.5,29812.5,39.0,40.0,39.5311875,39.5,0.14080736786031517,39.5,39.5,0.0,1.0,0.47387499999999994,0.5,0.10360976968896321,0.47,0.5,0.0,11.0,6.675562500000001,6.33,2.4815259284548588,5.33,8.75,0.0,2.62,0.40425000000000005,0.43,0.4284835907009742,0.0,0.5,7.75,12.67,10.959125,11.29,1.2104598235278194,10.1875,12.0,0.0,1.87,0.49399999999999994,0.47,0.3177050518956222,0.43,0.5525,40000.0,79750.0,59875.0,59875.0,11546.779854141154,49937.5,69812.5,39.0,40.0,39.4843125,39.5,0.15834543676326823,39.457499999999996,39.5,0.0,0.5,0.4654999999999999,0.5,0.08701867615632865,0.47,0.5,0.0,12.0,7.1275,8.0,3.8685147343651156,4.1875,10.5425,0.0,3.27,0.399125,0.43,0.49247130309795717,0.0,0.5,0.0,14.0,11.26175,12.0,2.5550138331328074,11.0,12.5,0.0,2.16,0.5856875,0.5,0.41461521600605783,0.43,0.83,80000.0,119750.0,99875.0,99875.0,11546.779854141154,89937.5,109812.5,39.0,40.0,39.285875,39.25,0.22671399245525206,39.0,39.5,0.0,0.5,0.3269375,0.43,0.21231167206197119,0.0,0.47,0.0,12.2,3.7203749999999998,3.0,2.9422040818704263,1.5,6.0,0.0,1.63,0.39368749999999997,0.43,0.3871702175319662,0.0,0.5,0.0,18.0,10.4715,8.75,4.971850158643158,7.0,16.355,0.0,4.06,0.6684375,0.5,0.5361174624965596,0.43,0.8875
lying_dataset14.csv,0.0,39750.0,19875.0,19875.0,11546.779854141154,9937.5,29812.5,39.0,56.25,42.63368749999999,42.25,2.9482850146048887,42.0,42.5,0.0,4.33,0.4048125000000001,0.43,0.4375585273352012,0.0,0.5,0.0,18.25,6.3898125,5.33,3.874089969250037,4.25,8.8125,0.0,5.72,1.0318125,0.825,1.0220474988197712,0.43,1.4849999999999999,0.0,18.33,10.963624999999999,11.67,3.614644257651782,9.33,12.8125,0.0,4.5,1.04275,0.87,0.8699870329493423,0.47,1.3,40000.0,79750.0,59875.0,59875.0,11546.779854141154,49937.5,69812.5,42.0,54.0,48.8234375,54.0,5.763335194016895,42.25,54.0,0.0,8.49,0.19362500000000002,0.0,0.7081105912038032,0.0,0.43,2.0,15.0,10.3183125,12.415,3.844283779502204,6.67,13.5,0.0,4.32,0.7351875,0.5,0.6309922462627809,0.43,0.87,8.5,21.0,16.0135,18.125,4.072817851316211,11.75,20.25,0.0,5.72,0.5284375,0.47,0.6418864257746459,0.43,0.5,80000.0,119750.0,99875.0,99875.0,11546.779854141154,89937.5,109812.5,41.33,54.0,50.51825,54.0,5.479917146955782,42.5625,54.0,0.0,2.59,0.2245,0.0,0.4786567141490862,0.0,0.43,5.5,15.0,11.8876875,12.0,1.3279689481850658,11.25,12.69,0.0,3.5,0.5901875,0.43,0.6542643501244356,0.0,0.83,7.25,21.0,15.920250000000001,16.0,2.240170459474011,14.0,17.75,0.0,3.56,0.7273125,0.71,0.515392716618842,0.43,1.0
lying_dataset15.csv,0.0,39750.0,19875.0,19875.0,11546.779854141154,9937.5,29812.5,24.5,29.75,27.788062500000002,27.25,1.1383488573779788,27.0,29.0,0.0,1.48,0.2343125,0.0,0.3559996872804104,0.0,0.43,0.0,11.75,6.0485625,6.71,2.405580191678039,4.9375,7.75,0.0,3.57,0.8460000000000001,0.71,0.7096779199045156,0.43,1.09,4.75,12.5,9.313,9.0,1.4839637798814362,8.5,10.0625,0.0,3.54,0.6078749999999999,0.5,0.5650988713269565,0.0,0.94,40000.0,79750.0,59875.0,59875.0,11546.779854141154,49937.5,69812.5,23.5,29.75,26.624000000000002,27.0,1.1107335414040578,26.0,27.0,0.0,1.79,0.430375,0.43,0.4634744970060381,0.0,0.7374999999999999,0.0,13.25,6.781125,6.29,3.796917168490116,3.5,10.5,0.0,3.42,0.9625625000000001,0.87,0.7335378712743806,0.43,1.5,0.0,21.0,8.56075,8.415,4.811161313809796,4.9375,11.69,0.0,4.5,0.8154999999999999,0.7649999999999999,0.6551972985292294,0.43,1.0225,80000.0,119750.0,99875.0,99875.0,11546.779854141154,89937.5,109812.5,24.67,30.0,28.7370625,29.0,1.207266331881143,28.0,29.75,0.0,1.25,0.426375,0.43,0.3162405878046017,0.0,0.5,0.0,13.0,5.406,4.585,3.8569833095309085,2.5,8.5,0.0,5.02,0.8045,0.5,0.8684028443067192,0.0,1.2625,0.0,17.0,7.138562500000001,6.71,4.681116432924282,3.0,10.69,0.0,3.3,0.7794375,0.82,0.595190354923322,0.47,1.09
lying_dataset4.csv,0.0,39750.0,19875.0,19875.0,11546.779854141154,9937.5,29812.5,34.0,51.0,47.3734375,48.0,2.08682325763198,48.0,48.0,0.0,4.85,0.1813125,0.0,0.6540069971672703,0.0,0.0,0.0,23.0,8.13575,8.125,4.23745642307977,5.9375,9.0,0.0,5.72,0.6665625000000001,0.43,0.8575014918901017,0.0,0.87,0.0,22.25,9.238312500000001,9.25,3.374151230656941,7.9375,10.0,0.0,4.97,0.8306875,0.71,0.7826781920711411,0.43,1.0,40000.0,79750.0,59875.0,59875.0,11546.779854141154,49937.5,69812.5,39.67,43.67,40.5495625,40.5,0.5483627299459275,40.25,40.5,0.0,1.0,0.6299374999999999,0.5,0.219768335057055,0.5,0.83,9.25,15.25,12.5238125,12.0,0.8972282819014066,12.0,13.0,0.0,1.41,0.2185625,0.0,0.32776105411374,0.0,0.43,0.0,8.33,2.066375,1.67,1.9278989494719374,0.0,3.0,0.0,2.95,0.4251875,0.43,0.5633604217938548,0.0,0.71,80000.0,119750.0,99875.0,99875.0,11546.779854141154,89937.5,109812.5,39.33,40.67,40.195187499999996,40.25,0.26095011945532814,40.0,40.33,0.0,1.0,0.7481875,0.83,0.21602046163211022,0.5,0.94,8.5,14.5,12.0703125,12.0,0.6396282336980991,12.0,12.0,0.0,1.5,0.1110625,0.0,0.24556973774011734,0.0,0.0,0.0,8.25,1.6072499999999998,1.33,1.563004698489419,1.0,2.0,0.0,2.83,0.39206250000000004,0.47,0.45758482393295125,0.0,0.5
lying_dataset5.csv,0.0,39750.0,19875.0,19875.0,11546.779854141154,9937.5,29812.5,39.33,41.0,39.924875,40.0,0.3159786137937186,39.75,40.0,0.0,1.0,0.758625,0.83,0.2136951318467503,0.5,0.94,9.0,14.5,11.986,12.0,0.6661542614139762,12.0,12.0625,0.0,1.63,0.2524375,0.0,0.3787326677139827,0.0,0.47,0.0,12.75,3.0566875,1.33,3.4276748171820137,1.0,5.0625,0.0,3.11,0.46262499999999995,0.0,0.6507625214892142,0.0,0.71,40000.0,79750.0,59875.0,59875.0,11546.779854141154,49937.5,69812.5,39.0,40.0,39.55125,39.5,0.14134952246116753,39.5,39.67,0.0,0.94,0.5100625,0.5,0.11887228900694223,0.5,0.5,0.0,14.5,10.047812500000001,11.75,3.0660266779406453,8.33,12.0,0.0,2.12,0.3465625,0.43,0.3737697266951271,0.0,0.47,0.0,13.5,7.6550625,8.75,4.007503898450225,4.4375,11.5,0.0,2.35,0.6376875,0.5,0.4955744417781752,0.43,0.83,80000.0,119750.0,99875.0,99875.0,11546.779854141154,89937.5,109812.5,39.0,40.0,39.527375,39.5,0.12554624397010103,39.5,39.5,0.0,0.83,0.4821249999999999,0.5,0.0849587215946662,0.47,0.5,2.0,15.0,10.468812499999999,11.5,2.516833420161881,9.0,12.0,0.0,2.49,0.44331249999999994,0.43,0.4469811543496549,0.0,0.82,0.0,14.5,6.6266875,6.0,3.2865983025529224,4.1875,9.5,0.0,3.49,0.8074999999999999,0.71,0.616097597787883,0.47,1.0225
lying_dataset6.csv,0.0,39750.0,19875.0,19875.0,11546.779854141154,9937.5,29812.5,39.33,40.33,39.5516875,39.5,0.1495836800715577,39.5,39.67,0.0,0.83,0.491625,0.5,0.09307179688283664,0.47,0.5,0.0,10.5,7.569687500000001,8.25,1.8557307933382337,6.75,9.0,0.0,4.0,0.6664999999999999,0.5,0.5760666194113316,0.43,0.87,7.5,14.67,11.2818125,11.5,1.5846844606557327,10.0,12.0,0.0,2.12,0.59975,0.5,0.4040311714459665,0.43,0.83,40000.0,79750.0,59875.0,59875.0,11546.779854141154,49937.5,69812.5,39.33,40.67,39.6705625,39.67,0.25125745480234024,39.5,39.75,0.0,1.0,0.5189375,0.5,0.20466312832005182,0.47,0.5,1.0,9.75,5.374437500000001,5.29,2.247346142362976,3.33,7.27,0.0,4.03,0.8586874999999999,0.7649999999999999,0.7566828281015435,0.43,1.2275,8.75,16.25,12.765125000000001,12.5,1.383169814005135,12.0,13.67,0.0,2.05,0.6493749999999999,0.5,0.5011906916284459,0.43,0.94,80000.0,119750.0,99875.0,99875.0,11546.779854141154,89937.5,109812.5,0.0,40.0,39.2963125,39.5,3.1193930943925214,39.5,39.67,0.0,0.83,0.47887499999999994,0.5,0.10968698361701812,0.47,0.5,0.0,13.25,6.706125,7.0,3.067206177350163,4.0,9.0,0.0,3.5,0.9463750000000001,0.605,0.8858135296861298,0.43,1.41,0.0,15.0,11.2499375,12.0,3.2284217306748744,11.5,12.75,0.0,3.19,0.619625,0.47,0.5739630731806707,0.0,0.94
lying_dataset7.csv,0.0,39750.0,19875.0,19875.0,11546.779854141154,9937.5,29812.5,39.0,40.0,39.5311875,39.5,0.14080736786031517,39.5,39.5,0.0,1.0,0.47387499999999994,0.5,0.10360976968896321,0.47,0.5,0.0,11.0,6.675562500000001,6.33,2.4815259284548588,5.33,8.75,0.0,2.62,0.40425000000000005,0.43,0.4284835907009742,0.0,0.5,7.75,12.67,10.959125,11.29,1.2104598235278194,10.1875,12.0,0.0,1.87,0.49399999999999994,0.47,0.3177050518956222,0.43,0.5525,40000.0,79750.0,59875.0,59875.0,11546.779854141154,49937.5,69812.5,39.0,40.0,39.4843125,39.5,0.15834543676326823,39.457499999999996,39.5,0.0,0.5,0.4654999999999999,0.5,0.08701867615632865,0.47,0.5,0.0,12.0,7.1275,8.0,3.8685147343651156,4.1875,10.5425,0.0,3.27,0.399125,0.43,0.49247130309795717,0.0,0.5,0.0,14.0,11.26175,12.0,2.5550138331328074,11.0,12.5,0.0,2.16,0.5856875,0.5,0.41461521600605783,0.43,0.83,80000.0,119750.0,99875.0,99875.0,11546.779854141154,89937.5,109812.5,39.0,40.0,39.285875,39.25,0.22671399245525206,39.0,39.5,0.0,0.5,0.3269375,0.43,0.21231167206197119,0.0,0.47,0.0,12.2,3.7203749999999998,3.0,2.9422040818704263,1.5,6.0,0.0,1.63,0.39368749999999997,0.43,0.3871702175319662,0.0,0.5,0.0,18.0,10.4715,8.75,4.971850158643158,7.0,16.355,0.0,4.06,0.6684375,0.5,0.5361174624965596,0.43,0.8875
lying_dataset8.csv,0.0,39750.0,19875.0,19875.0,11546.779854141154,9937.5,29812.5,39.0,40.0,39.3316875,39.33,0.23849586441645088,39.25,39.5,0.0,0.5,0.34875,0.47,0.2061757442086726,0.0,0.5,0.0,7.5,2.9595624999999997,2.585,1.7660214278410526,1.5,4.5,0.0,2.06,0.386,0.43,0.4304854817528693,0.0,0.5,7.0,18.0,15.4376875,16.5,2.9040541106087794,15.67,17.0,0.0,2.45,0.6439999999999999,0.5,0.33616439430730916,0.47,0.83,40000.0,79750.0,59875.0,59875.0,11546.779854141154,49937.5,69812.5,39.0,40.0,39.3014375,39.25,0.2401193632211907,39.0,39.5,0.0,0.5,0.32725,0.43,0.21246161418006781,0.0,0.47,0.0,9.75,4.254875,4.5,2.2159306700289614,2.75,5.5425,0.0,2.49,0.5028124999999999,0.47,0.43746167242828254,0.0,0.7374999999999999,8.5,18.67,16.5029375,17.25,2.053518503956989,15.6275,18.0,0.0,3.5,0.5179375,0.47,0.5310721430217837,0.0,0.83,80000.0,119750.0,99875.0,99875.0,11546.779854141154,89937.5,109812.5,39.0,40.0,39.4081875,39.5,0.19929523286759795,39.25,39.5,0.0,0.5,0.42318749999999994,0.47,0.148569730577093,0.43,0.5,0.0,11.33,5.9321875,6.0,2.3660321933236137,4.25,7.75,0.0,3.54,0.6199375,0.47,0.5986959755115697,0.43,0.8225,13.0,18.33,16.696312499999998,17.0,1.1089627033150167,16.0,17.67,0.0,2.05,0.6034375,0.5,0.3652996148283625,0.43,0.83
lying_dataset9.csv,0.0,39750.0,19875.0,19875.0,11546.779854141154,9937.5,29812.5,39.0,56.25,42.63368749999999,42.25,2.9482850146048887,42.0,42.5,0.0,4.33,0.4048125000000001,0.43,0.4375585273352012,0.0,0.5,0.0,18.25,6.3898125,5.33,3.874089969250037,4.25,8.8125,0.0,5.72,1.0318125,0.825,1.0220474988197712,0.43,1.4849999999999999,0.0,18.33,10.963624999999999,11.67,3.614644257651782,9.33,12.8125,0.0,4.5,1.04275,0.87,0.8699870329493423,0.47,1.3,40000.0,79750.0,59875.0,59875.0,11546.779854141154,49937.5,69812.5,42.0,54.0,48.8234375,54.0,5.763335194016895,42.25,54.0,0.0,8.49,0.19362500000000002,0.0,0.7081105912038032,0.0,0.43,2.0,15.0,10.3183125,12.415,3.844283779502204,6.67,13.5,0.0,4.32,0.7351875,0.5,0.6309922462627809,0.43,0.87,8.5,21.0,16.0135,18.125,4.072817851316211,11.75,20.25,0.0,5.72,0.5284375,0.47,0.6418864257746459,0.43,0.5,80000.0,119750.0,99875.0,99875.0,11546.779854141154,89937.5,109812.5,41.33,54.0,50.51825,54.0,5.479917146955782,42.5625,54.0,0.0,2.59,0.2245,0.0,0.4786567141490862,0.0,0.43,5.5,15.0,11.8876875,12.0,1.3279689481850658,11.25,12.69,0.0,3.5,0.5901875,0.43,0.6542643501244356,0.0,0.83,7.25,21.0,15.920250000000001,16.0,2.240170459474011,14.0,17.75,0.0,3.56,0.7273125,0.71,0.515392716618842,0.43,1.0
sitting_dataset10.csv,0.0,39750.0,19875.0,19875.0,11546.779854141154,9937.5,29812.5,41.5,44.5,42.805625,43.0,0.8169085685528094,42.0,43.5,0.0,1.0,0.28237499999999993,0.47,0.26622942995656956,0.0,0.5,4.0,23.5,17.099875,18.0,3.972257070529927,15.4575,20.6175,0.0,4.27,0.5863750000000001,0.43,0.7621125962579283,0.0,0.83,1.0,27.33,13.828499999999996,14.0,4.719544098745131,11.1875,17.0,0.0,4.03,1.0198125,0.83,0.8287479048804588,0.47,1.25,40000.0,79750.0,59875.0,59875.0,11546.779854141154,49937.5,69812.5,35.25,48.5,39.6389375,38.125,3.173729981597954,37.0,42.3725,0.0,3.28,0.8075625000000001,0.83,0.5328681202640575,0.4975,1.0,0.0,22.25,13.263187499999997,15.0,5.464578136951081,9.6275,16.8125,0.0,5.12,0.8863125000000001,0.485,1.0113719777330938,0.30000000000000004,1.22,0.0,23.5,14.0208125,14.75,5.6003714131157185,10.0,18.75,0.0,5.89,0.9803750000000001,0.82,0.9994910501725366,0.43,1.41,80000.0,119750.0,99875.0,99875.0,11546.779854141154,89937.5,109812.5,36.0,41.75,38.21325,38.25,0.8401283756069664,37.730000000000004,38.75,0.0,1.7,0.7625,0.83,0.4255951714951663,0.47,1.0225,3.75,21.0,14.190625,14.5,4.368610718452149,11.31,18.0,0.0,4.87,1.144,0.83,1.0807353977732015,0.45999999999999996,1.5925,4.0,24.75,17.6525,19.5,4.648669971077749,14.33,21.0,0.0,6.36,1.173,0.83,1.2018635529876094,0.47,1.41
sitting_dataset11.csv,0.0,39750.0,19875.0,19875.0,11546.779854141154,9937.5,29812.5,36.25,46.67,44.698,45.5,2.4620608237815733,45.0,46.0,0.0,2.95,0.5031874999999999,0.5,0.3731979566446606,0.43,0.71,0.0,24.0,13.217812499999999,13.67,5.422899670825909,10.0,17.0,0.0,5.66,1.202125,0.87,1.0519157449030792,0.47,1.7,4.0,25.0,17.220375,18.5,3.9405037570563235,14.9375,20.25,0.0,7.0,1.3131875000000002,0.94,1.1656277127984518,0.5,1.645,40000.0,79750.0,59875.0,59875.0,11546.779854141154,49937.5,69812.5,36.67,48.25,45.6250625,46.5,2.7184522243537312,46.25,46.75,0.0,3.28,0.50175,0.5,0.37618238595128295,0.43,0.5,6.33,24.0,18.5278125,18.585,4.533944980901703,15.6275,22.8125,0.0,5.85,0.9310625,0.5,1.092930462606725,0.0,1.25,2.25,24.5,14.949000000000002,15.415,5.390962135834382,10.1875,19.75,0.0,6.55,1.4750625,1.2349999999999999,1.1612800033126163,0.8274999999999999,1.745,80000.0,119750.0,99875.0,99875.0,11546.779854141154,89937.5,109812.5,28.5,45.0,41.3314375,42.0,2.6407605076177867,39.75,42.75,0.0,2.69,0.547125,0.5,0.4275151861337793,0.43,0.83,3.33,24.25,13.246499999999997,13.29,5.094588820503573,9.0,16.69,0.0,6.98,1.009875,0.5,1.1238260472043706,0.43,1.4275,1.5,24.5,12.592249999999998,13.0,5.24258678397411,7.75,17.0,0.0,5.24,1.2765,0.915,1.1116351694688325,0.5,1.645
sitting_dataset12.csv,0.0,39750.0,19875.0,19875.0,11546.779854141154,9937.5,29812.5,40.33,42.75,41.8059375,42.0,0.48771187302930197,41.75,42.0,0.0,1.0,0.2049375,0.0,0.2869952022138175,0.0,0.43,4.5,21.8,14.360000000000003,14.75,3.2205607042873763,12.67,16.0,0.0,6.02,1.0126249999999999,0.5,1.1873660384965539,0.43,1.2625,2.75,20.75,13.920562499999999,14.415,4.523903768714997,10.6275,18.0,0.0,5.59,1.1680625,0.83,1.0627155645297335,0.47,1.5,40000.0,79750.0,59875.0,59875.0,11546.779854141154,49937.5,69812.5,40.0,45.0,43.04293750000001,42.375,1.4334336385385094,42.0,44.5,0.0,1.09,0.323,0.47,0.27809126199864675,0.0,0.5,0.0,21.0,10.0506875,10.415,3.9807279676390537,7.9175,11.5,0.0,7.31,1.0142499999999999,0.5,1.1722364042717666,0.43,1.2625,1.0,23.0,16.064937500000003,16.0,3.5305757315335624,15.0,18.0625,0.0,6.36,0.84475,0.71,0.8479253726006789,0.43,1.12,80000.0,119750.0,99875.0,99875.0,11546.779854141154,89937.5,109812.5,39.5,42.0,41.485875,41.5,0.35423401075419064,41.33,41.67,0.0,1.0,0.49787499999999996,0.5,0.2425061532724479,0.47,0.5,0.0,18.25,9.916062499999999,11.25,4.764421278717254,6.3100000000000005,13.67,0.0,4.78,0.6413125,0.47,0.7517655235136484,0.43,0.83,1.0,17.0,8.93625,9.0,3.265769195381082,7.1875,11.5,0.0,3.24,0.8706875000000001,0.81,0.6482034035268174,0.47,1.12
sitting_dataset13.csv,0.0,39750.0,19875.0,19875.0,11546.779854141154,9937.5,29812.5,41.33,42.0,41.605875000000005,41.5,0.1802164930715279,41.5,41.75,0.0,0.87,0.42756249999999996,0.5,0.16199053550670792,0.43,0.5,1.0,20.33,9.410124999999999,8.875,6.001029493709808,3.67,14.25,0.0,5.68,0.998625,0.82,0.9520080668644568,0.43,1.3725,2.0,22.0,12.917124999999999,12.415,4.344887424821844,9.5,15.75,0.0,7.85,1.0029375,0.82,1.0066687618545387,0.47,1.12,40000.0,79750.0,59875.0,59875.0,11546.779854141154,49937.5,69812.5,39.67,41.75,41.352125,41.5,0.35229317957491035,41.31,41.5,0.43,1.0,0.5680625,0.5,0.15108564158698204,0.5,0.5,0.0,18.0,6.6455625,6.0,4.330064050749567,3.75,9.67,0.0,4.97,0.8554375000000001,0.71,0.8576798986765108,0.43,1.12,0.0,23.0,7.5432500000000005,8.0,4.736826673786998,3.4575,10.0,0.0,4.44,0.80525,0.71,0.7161982529300109,0.43,0.955,80000.0,119750.0,99875.0,99875.0,11546.779854141154,89937.5,109812.5,41.0,44.75,43.89,44.5,1.2007752703982542,44.33,44.5,0.0,0.94,0.4994375,0.5,0.08137295984385721,0.485,0.5,1.5,22.75,12.3529375,13.0,3.6712553365427674,10.67,14.932500000000001,0.0,4.5,0.844875,0.825,0.6607618590498395,0.43,1.2275,1.75,23.25,17.1511875,18.75,4.639085089200645,17.0,20.25,0.0,4.32,0.7988124999999999,0.83,0.5789012997426677,0.46749999999999997,1.0
sitting_dataset14.csv,0.0,39750.0,19875.0,19875.0,11546.779854141154,9937.5,29812.5,40.0,42.0,41.5235,41.5,0.3695997835497203,41.5,41.75,0.0,1.0,0.450875,0.5,0.23921848669155985,0.43,0.5,2.25,21.5,12.835500000000001,12.0,2.4306238396757323,12.0,14.0625,0.0,5.44,0.4810625,0.43,0.760049831322756,0.0,0.5,2.5,18.5,9.46375,8.75,3.55468348626147,6.73,12.0,0.0,3.34,0.8826875000000001,0.83,0.6011496505394892,0.47,1.12,40000.0,79750.0,59875.0,59875.0,11546.779854141154,49937.5,69812.5,41.25,44.5,42.4395625,42.0,0.8649699032878254,41.75,43.33,0.0,1.0,0.42474999999999996,0.47,0.23407784495761233,0.43,0.5,2.0,17.75,10.56475,12.0,3.7726489284718765,7.33,13.75,0.0,2.74,0.666875,0.5,0.5316826914382299,0.43,0.94,6.5,24.0,16.877,13.16,5.751636267185191,12.5,23.5,0.0,2.55,0.5865625,0.5,0.4147424605628775,0.43,0.71,80000.0,119750.0,99875.0,99875.0,11546.779854141154,89937.5,109812.5,40.75,44.67,43.1175,43.25,0.9664471015011634,42.6275,44.0,0.0,1.0,0.571875,0.5,0.23958606882496317,0.47,0.82,2.5,23.5,15.253375,15.0,4.1319539699003185,13.6875,18.0,0.0,5.93,0.71225,0.43,0.8856663804729183,0.0,0.94,6.0,26.67,19.4405625,21.0,5.078501285674126,19.125,22.5,0.0,4.64,0.6901875,0.5,0.7280920888484848,0.3225,0.83
sitting_dataset15.csv,0.0,39750.0,19875.0,19875.0,11546.779854141154,9937.5,29812.5,29.25,45.0,42.1150625,41.67,2.0908730224702192,41.0,43.67,0.0,4.72,0.6450625000000001,0.5,0.5721920535045466,0.47,0.82,0.0,23.5,16.322187500000002,18.0,6.189149242007641,13.95,21.0,0.0,5.07,0.7381875,0.47,1.0136128895410466,0.0,0.8225,6.75,24.0,17.690875,20.5,5.361533874216874,13.565,21.0,0.0,5.1,0.8501875,0.5,0.9315091732472364,0.43,1.22,40000.0,79750.0,59875.0,59875.0,11546.779854141154,49937.5,69812.5,42.67,46.0,44.225875,44.5,0.6593949760007275,43.67,44.5,0.0,1.3,0.49681250000000005,0.5,0.2015203831967129,0.47,0.5,7.75,24.0,17.409875,17.5,3.7716700524270412,14.75,21.0,0.0,6.12,0.5618749999999999,0.43,0.7739639748560653,0.0,0.5,6.75,20.75,15.694749999999999,17.0,2.9939875062364574,13.9375,18.0,0.0,5.07,0.8094999999999999,0.71,0.727882888932004,0.43,0.94,80000.0,119750.0,99875.0,99875.0,11546.779854141154,89937.5,109812.5,37.75,45.0,41.845625,41.5,2.081384060997633,40.5,44.5,0.0,1.48,0.524125,0.5,0.24008432763302148,0.47,0.5,1.0,21.0,13.738875000000002,13.67,3.412455125620702,12.0,16.5,0.0,4.99,0.9747499999999999,0.83,0.8685735072519769,0.43,1.315,2.0,24.0,15.841187499999998,17.375,3.874726340639265,13.6875,18.5,0.0,4.03,1.0165624999999998,0.83,0.8645085647891234,0.43,1.2625
sitting_dataset4.csv,0.0,39750.0,19875.0,19875.0,11546.779854141154,9937.5,29812.5,45.0,46.0,45.035375,45.0,0.14014674229178495,45.0,45.0,0.0,0.71,0.0358125,0.0,0.12747780137635728,0.0,0.0,4.0,22.75,19.013125,19.5,2.754739821539413,18.75,20.5,0.0,2.68,0.49556249999999996,0.43,0.4301841856620836,0.43,0.5,11.5,21.25,17.470937499999998,18.0,2.018189410361116,16.5,18.5,0.0,2.12,0.61975,0.5,0.45505212613501766,0.43,0.87,40000.0,79750.0,59875.0,59875.0,11546.779854141154,49937.5,69812.5,42.5,45.67,44.715375,45.0,0.5556695145272953,44.6275,45.0,0.0,0.83,0.1596875,0.0,0.25808288851403927,0.0,0.43,4.25,26.25,18.0274375,18.0,3.3498534010600745,15.75,19.6175,0.0,5.17,0.6196875,0.47,0.7747430395581171,0.43,0.71,4.33,30.75,21.2965625,21.125,4.500075978091231,18.25,23.67,0.0,4.3,0.7598125,0.5,0.7154993639715902,0.43,0.8875,80000.0,119750.0,99875.0,99875.0,11546.779854141154,89937.5,109812.5,43.0,45.0,44.51112500000001,44.75,0.5851580849437185,44.0,45.0,0.0,1.12,0.26625,0.0,0.3017941144223989,0.0,0.47,3.67,27.25,18.698249999999998,20.875,5.63026315437387,17.475,22.8125,0.0,4.09,0.7606875000000001,0.5,0.7390594714525686,0.0,1.145,6.25,25.75,19.02775,20.71,4.39052217139374,17.105,21.75,0.0,4.13,0.9126874999999999,0.83,0.714887859977878,0.47,1.145
sitting_dataset5.csv,0.0,39750.0,19875.0,19875.0,11546.779854141154,9937.5,29812.5,25.67,45.75,42.7448125,45.0,4.629133824469082,42.5,45.0,0.0,12.19,0.361875,0.0,1.1804655794960732,0.0,0.43,1.0,24.0,12.48275,13.29,5.124563755823514,9.0,15.75,0.0,5.12,1.092375,0.83,0.9937822243202985,0.47,1.3,5.5,27.0,15.644312499999998,15.5,3.477606688132479,13.31,18.27,0.0,6.26,1.0001875,0.905,0.8804881258959429,0.47,1.2625,40000.0,79750.0,59875.0,59875.0,11546.779854141154,49937.5,69812.5,31.67,39.0,35.932249999999996,36.5,2.3434627023914842,33.0,38.0,0.0,1.3,0.6141875000000001,0.5,0.39115928960431195,0.43,1.0,3.0,21.25,13.533625,14.25,5.808449178513573,8.0,20.75,0.0,3.27,0.536625,0.43,0.6350490999718054,0.0,0.7374999999999999,11.25,20.67,16.930625,17.5,1.8477630690580975,16.0,18.0,0.0,3.54,0.7165625,0.71,0.6090649050747794,0.43,0.94,80000.0,119750.0,99875.0,99875.0,11546.779854141154,89937.5,109812.5,25.5,37.75,31.003125,30.0,2.8810337093437486,30.0,30.25,0.0,1.64,0.2904375,0.0,0.4294783854791181,0.0,0.47,8.0,22.5,18.668124999999996,19.29,2.707912292592764,17.73,21.0,0.0,4.97,0.5925624999999999,0.43,0.7060127892565049,0.0,0.83,12.0,22.0,18.87425,19.0,1.937297586200943,18.1875,20.33,0.0,3.03,0.8477500000000001,0.83,0.5959246491797432,0.43,1.145
sitting_dataset6.csv,0.0,39750.0,19875.0,19875.0,11546.779854141154,9937.5,29812.5,27.0,37.5,30.6150625,30.0,1.4981129784144285,30.0,30.25,0.0,1.79,0.1565,0.0,0.3176184818300094,0.0,0.1075,4.0,23.75,20.2515,21.0,2.452963819545653,20.5,21.0,0.0,5.12,0.41612499999999997,0.43,0.6495748489396738,0.0,0.5,3.0,22.0,18.6250625,20.25,3.854123765020235,18.5,21.0,0.0,5.12,0.8086249999999999,0.5,0.8942297575986834,0.43,1.005,40000.0,79750.0,59875.0,59875.0,11546.779854141154,49937.5,69812.5,27.0,38.67,32.7639375,30.0,3.9399383080314534,30.0,37.5,0.0,2.49,0.4989375000000001,0.0,0.5879015615677085,0.0,1.0,6.25,23.0,16.656375,18.75,4.486939308635119,12.25,20.75,0.0,4.15,0.6064375,0.44999999999999996,0.6864085398607378,0.0,0.83,6.0,21.5,17.727562499999998,18.33,3.027156823422558,16.31,20.0625,0.0,3.54,0.8140000000000001,0.755,0.6518974229125315,0.43,1.09,80000.0,119750.0,99875.0,99875.0,11546.779854141154,89937.5,109812.5,27.5,38.33,35.3389375,36.67,2.79988517551948,33.75,37.25,0.0,1.79,0.7148125000000001,0.94,0.5138214328380531,0.0,1.12,2.5,21.25,12.009875,12.0,4.42326095594359,8.67,15.0,0.0,4.56,0.9718125000000001,0.83,0.844809055256719,0.47,1.2275,2.0,23.5,17.909062499999997,19.0,4.1622586712137135,15.67,21.0,0.0,4.92,0.7514375,0.71,0.6948613592607882,0.43,0.955
sitting_dataset7.csv,0.0,39750.0,19875.0,19875.0,11546.779854141154,9937.5,29812.5,33.0,37.33,36.2155,36.33,0.7474797656124212,36.0,36.67,0.0,1.5,0.47018750000000004,0.47,0.42400688655227053,0.0,0.83,1.5,16.75,10.9751875,11.5,2.452781577076065,9.75,12.25,0.0,4.55,0.8629374999999999,0.82,0.7523775621945075,0.43,1.22,8.5,22.67,16.918,18.0,3.609446252543456,14.5,20.0625,0.0,4.52,0.7335625,0.71,0.6182519175819433,0.43,1.0,40000.0,79750.0,59875.0,59875.0,11546.779854141154,49937.5,69812.5,27.5,50.75,37.7043125,36.5,3.851185632677779,36.1875,42.0,0.0,6.06,0.4970625,0.47,0.6351049095179079,0.0,0.5,4.2,23.25,15.771687500000002,15.0,3.4618831981081843,13.33,18.75,0.0,3.64,0.679,0.5,0.6963181744001804,0.0,0.955,8.25,23.75,19.52775,21.0,2.9665733494218545,18.0,21.5,0.0,5.12,0.8345625,0.71,0.8149991157012074,0.43,0.955,80000.0,119750.0,99875.0,99875.0,11546.779854141154,89937.5,109812.5,42.0,45.0,42.7453125,42.0,0.9574222696092618,42.0,43.75,0.0,0.83,0.1830625,0.0,0.2682512741698536,0.0,0.43,9.33,21.5,17.815625,18.0,1.8725502955528324,17.1875,18.75,0.0,6.02,0.420875,0.43,0.5935995993723379,0.0,0.5,0.0,21.25,13.1203125,14.25,5.622355869859516,10.185,17.5,0.0,5.17,0.9525,0.83,0.7850915551704782,0.45999999999999996,1.25
sitting_dataset8.csv,0.0,39750.0,19915.094339622643,20000.0,11571.925410038839,9875.0,29875.0,42.0,45.0,43.600566037735845,43.75,0.821893997115421,43.33,44.25,0.0,0.87,0.410754716981132,0.47,0.24307657817056041,0.43,0.5,5.67,20.5,15.277735849056603,15.75,3.0518265330922585,13.0,18.0,0.0,5.45,0.7495597484276729,0.47,0.983919351601178,0.0,0.83,4.0,23.0,13.932955974842768,13.25,4.1055015326437,10.875,16.75,0.0,6.36,1.0377987421383648,0.83,1.0601184506019097,0.47,1.2349999999999999,40000.0,79500.0,59750.0,59750.0,11474.609652039004,49875.0,69625.0,42.0,43.67,42.383962264150945,42.33,0.36789049995841633,42.0,42.5,0.0,1.0,0.34056603773584904,0.47,0.2596084261868123,0.0,0.5,12.0,22.0,18.717672955974844,18.25,1.6110550451337813,18.0,20.0,0.0,2.45,0.29100628930817607,0.0,0.3804155208635732,0.0,0.44999999999999996,5.0,22.0,17.8288679245283,17.67,2.5979713859430227,16.635,19.875,0.0,3.08,0.7215094339622642,0.71,0.4668564600747387,0.43,0.88,79750.0,119750.0,99750.0,99750.0,11618.95003862225,89750.0,109750.0,42.0,45.0,42.48565217391304,42.25,0.8119601178963658,42.0,42.5,0.0,1.12,0.2567080745341615,0.43,0.2539960786059979,0.0,0.47,0.0,23.0,17.598695652173916,19.75,5.22181902701067,18.0,21.0,0.0,4.24,0.5527329192546584,0.43,0.727398143455603,0.0,0.71,1.0,21.5,16.311552795031055,17.5,4.390695916629373,15.0,19.5,0.0,3.19,0.8093167701863353,0.82,0.5989775182413046,0.47,1.09
sitting_dataset9.csv,0.0,39750.0,19875.0,19875.0,11546.779854141154,9937.5,29812.5,42.0,46.5,44.0371875,44.5,1.0168487915338003,43.6275,44.5,0.0,1.5,0.43062500000000004,0.5,0.21843387872534792,0.43,0.5,7.33,21.33,14.725249999999999,14.225,2.9590146058274196,12.0,16.5625,0.0,4.64,0.5013125,0.43,0.6169401529676521,0.0,0.71,5.67,21.33,14.9706875,15.0,3.179118219309208,13.33,17.0,0.0,5.45,0.9043749999999999,0.83,0.8392107061846864,0.43,1.22,40000.0,79750.0,59875.0,59875.0,11546.779854141154,49937.5,69812.5,42.0,45.0,43.502562499999996,44.0,1.1438838702393481,42.0,44.5,0.0,1.0,0.33625000000000005,0.47,0.2619559838980587,0.0,0.5,0.0,19.0,11.115,12.415,4.8463929886050305,8.1875,14.69,0.0,3.4,0.6453749999999999,0.5,0.5830200334250959,0.3225,0.87,9.0,22.0,16.5754375,16.75,2.815414233926111,14.6275,19.0,0.0,3.0,0.6854999999999999,0.5,0.5133393127357382,0.43,0.94,80000.0,119750.0,99875.0,99875.0,11546.779854141154,89937.5,109812.5,41.75,43.75,42.0328125,42.0,0.18663189664082078,42.0,42.0,0.0,1.09,0.0319375,0.0,0.1329026752693489,0.0,0.0,12.0,21.67,18.7346875,19.5,2.3702180600830274,17.73,20.75,0.0,1.41,0.38393749999999993,0.43,0.35622867809000164,0.0,0.5,9.0,21.0,16.583375,17.25,2.770430220990054,14.5,18.5,0.0,2.92,0.8288125000000001,0.83,0.5047813535024347,0.47,1.12
standing_dataset10.csv,0.0,39750.0,19875.0,19875.0,11546.779854141154,9937.5,29812.5,36.67,45.0,41.5008125,42.0,2.7273226275678772,39.0,44.3725,0.0,2.12,0.56475,0.5,0.4033917915624957,0.43,0.83,9.0,24.0,16.44325,17.0,2.3416939781918558,15.0,18.0,0.0,2.59,0.6641874999999999,0.71,0.48692334082866684,0.43,0.87,2.0,22.0,9.3775625,9.25,3.065650368778826,7.5,11.0,0.0,4.11,1.1332499999999999,1.0,0.7627995722993033,0.5,1.585,40000.0,79750.0,59875.0,59875.0,11546.779854141154,49937.5,69812.5,39.0,45.0,43.242875000000005,44.0,1.6206161588652017,42.0,44.5,0.0,1.25,0.34137500000000004,0.43,0.2715752370430706,0.0,0.5,8.25,20.75,16.3695625,16.5,2.0680211999865357,15.149999999999999,17.75,0.0,2.87,0.7282499999999998,0.82,0.5154567755884095,0.43,1.09,2.0,14.25,8.8521875,9.25,2.5725927271614037,7.0,10.75,0.0,4.03,1.20725,1.12,0.7282100915944518,0.71,1.4849999999999999,80000.0,119750.0,99875.0,99875.0,11546.779854141154,89937.5,109812.5,36.0,45.8,42.5160625,43.125,2.7235120012758802,40.9375,45.0,0.0,2.12,0.4755625,0.47,0.4330657381896541,0.0,0.71,6.33,21.0,16.1488125,17.0,2.8999037423410714,14.5,18.0,0.0,5.59,0.8572499999999998,0.5,0.9012657418874856,0.43,1.2275,2.0,21.33,11.973500000000001,12.0,4.457873960757527,8.9375,15.67,0.0,6.65,1.3383125,1.0,1.117243383217708,0.5,1.79
standing_dataset11.csv,0.0,39750.0,19875.0,19875.0,11546.779854141154,9937.5,29812.5,38.25,45.67,44.187,45.0,1.519516699480463,44.33,45.0,0.0,1.3,0.27337500000000003,0.0,0.3088322511898652,0.0,0.5,1.0,21.0,16.4773125,17.5,3.194241248300408,15.0,18.3125,0.0,3.3,0.46875,0.43,0.5000984278119658,0.0,0.5,2.67,21.0,15.2604375,15.25,3.2160675418270914,13.75,17.69,0.0,5.7,0.7630625,0.71,0.6110769150391381,0.43,0.94,40000.0,79750.0,59875.0,59875.0,11546.779854141154,49937.5,69812.5,38.67,45.25,42.098375,42.0,1.4437753839759842,41.25,43.0,0.0,1.41,0.45175,0.48,0.3142342875944635,0.30000000000000004,0.5,2.25,21.0,12.988249999999999,12.585,4.087743043233026,10.67,15.25,0.0,3.77,0.7838125,0.5,0.7297035972528504,0.43,1.09,1.0,21.0,14.635312500000001,15.375,4.01474250760167,12.25,17.75,0.0,5.12,1.0233125,0.83,0.8243085904828057,0.47,1.27,80000.0,119750.0,99875.0,99875.0,11546.779854141154,89937.5,109812.5,37.0,48.25,41.2655,41.25,2.347341261938707,39.457499999999996,42.0625,0.0,2.12,0.5969374999999999,0.5,0.3448060992699375,0.43,0.83,2.0,21.75,10.190625,9.71,4.514057582638374,7.3100000000000005,12.0,0.0,5.61,1.14725,0.83,1.1141016279945022,0.43,1.4275,2.75,20.5,14.023500000000002,14.33,3.4759371398228707,11.75,16.25,0.0,6.85,1.1458749999999998,0.94,1.024878277833519,0.5,1.3
standing_dataset12.csv,0.0,39750.0,19875.0,19875.0,11546.779854141154,9937.5,29812.5,38.33,45.25,42.634125,42.5,1.5145954028634183,42.0,43.542500000000004,0.0,2.6,0.394625,0.47,0.3619459343258327,0.0,0.5,4.0,17.67,12.30775,12.0,1.9351504947936218,12.0,13.27,0.0,4.11,0.4931875,0.43,0.5820399168817806,0.0,0.82,9.33,20.0,14.855937500000001,14.75,1.8248281757726532,13.73,16.0625,0.0,2.36,0.7739999999999999,0.82,0.3960637574936641,0.47,1.0,40000.0,79750.0,59875.0,59875.0,11546.779854141154,49937.5,69812.5,41.33,44.2,42.406,42.33,0.4985982851956072,42.0,42.5,0.0,1.0,0.31437499999999996,0.47,0.27229737305930807,0.0,0.5,5.0,15.75,12.878187500000001,13.0,1.5811115045573951,12.25,13.75,0.0,2.69,0.5417500000000001,0.47,0.4634807843913273,0.3225,0.83,11.5,18.0,15.688374999999999,16.0,1.4788605780718478,14.73,16.8125,0.0,2.18,0.7541875,0.82,0.3677983004905678,0.45999999999999996,1.0,80000.0,119750.0,99875.0,99875.0,11546.779854141154,89937.5,109812.5,36.25,45.5,43.837937499999995,44.5,1.7370503363730567,43.730000000000004,45.0,0.0,1.22,0.34962499999999996,0.47,0.2932679821852362,0.0,0.5,0.0,22.0,10.155375,10.415,4.119116696498777,8.0,12.0,0.0,4.72,0.657625,0.47,0.8071016722662642,0.0,0.83,0.0,20.25,14.29375,15.0,3.919805758899285,12.9375,16.75,0.0,4.0,0.71725,0.71,0.5855360257917527,0.43,0.87
standing_dataset13.csv,0.0,39750.0,19875.0,19875.0,11546.779854141154,9937.5,29812.5,41.67,45.0,44.3525625,44.5,0.7362313213886992,44.0,45.0,0.0,1.0,0.344125,0.47,0.28901424597240877,0.0,0.5,0.0,15.0,9.0526875,10.5,3.751676745449126,6.0,12.0,0.0,5.15,0.7145625000000001,0.47,0.8162887409451083,0.0,1.0,6.5,18.33,14.618062499999999,14.75,1.885606168077987,13.31,15.75,0.0,2.29,0.6783125,0.5,0.42920307238386585,0.43,0.87,40000.0,79750.0,59875.0,59875.0,11546.779854141154,49937.5,69812.5,37.25,47.33,42.54425,42.29,2.1204249426706903,41.5,44.5,0.0,1.8,0.46606249999999994,0.47,0.3990552857609457,0.0,0.5,2.67,21.0,13.845999999999998,14.0,2.085107970825492,12.5,15.0,0.0,3.5,0.41156249999999994,0.43,0.5291107479476768,0.0,0.5,0.0,18.25,12.488,13.33,4.011216274398577,12.31,14.5,0.0,3.77,0.845875,0.83,0.6276308504009344,0.47,1.0,80000.0,119750.0,99875.0,99875.0,11546.779854141154,89937.5,109812.5,36.0,45.0,41.1269375,40.0,2.5983109891030653,39.5,44.542500000000004,0.0,2.17,0.44731249999999995,0.47,0.3935395816734957,0.0,0.5,5.75,21.0,13.4334375,13.415,2.3101103996549064,12.25,14.5,0.0,5.56,0.576375,0.47,0.7433761560441658,0.0,0.71,7.5,19.67,15.636312499999999,16.585,2.6534172829285163,13.25,18.0,0.0,3.35,0.5819375000000001,0.47,0.5917574427869496,0.0,0.83
standing_dataset14.csv,0.0,39750.0,19875.0,19875.0,11546.779854141154,9937.5,29812.5,37.0,45.0,40.81,39.5,2.2903034733414693,39.25,43.5,0.0,2.83,0.41974999999999996,0.47,0.3304541382703506,0.43,0.5,2.0,17.75,11.80325,12.0,3.5504578137896528,9.73,15.0,0.0,2.17,0.5216875,0.43,0.5010142486434392,0.0,0.83,10.75,23.25,18.346749999999997,18.0,2.10394259367978,16.6275,21.0,0.0,3.27,0.48931250000000004,0.43,0.4758664753307907,0.0,0.83,40000.0,79750.0,59875.0,59875.0,11546.779854141154,49937.5,69812.5,39.0,45.33,44.696687499999996,45.0,0.8838090304719398,45.0,45.0,0.0,1.41,0.1363125,0.0,0.25298869014987607,0.0,0.1,0.0,18.75,11.8790625,12.0,3.9000526914509432,9.6275,14.75,0.0,3.74,0.750375,0.47,0.7868274012609119,0.43,1.0,2.0,24.0,18.4300625,18.5,4.126955217965631,16.75,21.2125,0.0,3.67,0.666,0.5,0.5204651765488254,0.43,0.83,80000.0,119750.0,99875.0,99875.0,11546.779854141154,89937.5,109812.5,36.25,45.75,44.055875,45.0,1.9667325019877515,44.31,45.0,0.0,1.5,0.25775,0.0,0.331694418855669,0.0,0.47,3.33,22.75,14.502,14.75,3.4733211412134066,12.2375,16.69,0.0,3.28,0.6560625,0.47,0.6904356386324144,0.0,0.83,5.33,23.75,17.827499999999997,18.71,4.049550592349724,15.1875,21.0,0.0,3.83,0.7810624999999999,0.71,0.6506579332443048,0.43,0.94
standing_dataset15.csv,0.0,39750.0,19875.0,19875.0,11546.779854141154,9937.5,29812.5,36.0,45.25,42.536249999999995,42.0,2.7465541479279088,41.5,45.0,0.0,1.3,0.19499999999999998,0.0,0.3345014947649711,0.0,0.43,3.0,21.0,11.3850625,11.71,3.257782028634474,9.6275,12.0625,0.0,5.54,0.8455625000000001,0.5,0.9142864341079058,0.0,1.2275,1.0,21.0,11.405687499999999,11.75,3.8018240066241558,9.67,13.3725,0.0,4.66,1.2548124999999999,1.0,0.9434504305175498,0.5,1.67,40000.0,79750.0,59875.0,59875.0,11546.779854141154,49937.5,69812.5,37.75,46.75,44.8280625,45.25,1.7346557644367802,45.0,45.5,0.0,1.3,0.3834375,0.47,0.2807446501605151,0.0,0.5,8.0,18.5,14.159187500000002,14.5,2.25398091492447,12.31,15.75,0.0,2.55,0.58075,0.5,0.5066428105677608,0.0,0.83,1.75,21.0,13.632625,14.25,3.5834783185300565,11.25,16.33,0.0,5.91,0.99475,0.83,0.818287808475722,0.47,1.25,80000.0,119750.0,99875.0,99875.0,11546.779854141154,89937.5,109812.5,42.0,47.33,45.95925,46.29,0.9301186416258949,45.5,46.5,0.0,4.5,0.461375,0.5,0.39460342037924606,0.43,0.5,5.0,18.33,14.524562500000002,15.0,2.133787960082667,13.5,15.67,0.0,4.19,0.5104375,0.43,0.6238232390619557,0.0,0.5,2.33,18.67,12.796312499999999,13.0,2.253133823665108,11.75,14.0,0.0,4.12,1.2156875,1.09,0.7237969517369841,0.71,1.64
standing_dataset4.csv,0.0,39750.0,19875.0,19875.0,11546.779854141154,9937.5,29812.5,30.0,42.67,41.060625,41.5,1.687137623128297,40.730000000000004,42.0,0.0,2.55,0.446,0.47,0.3968456878939218,0.0,0.71,6.33,21.25,19.361124999999998,20.0,2.4124157984010552,19.0,20.75,0.0,2.69,0.38887499999999997,0.43,0.46499326272000974,0.0,0.4925,2.67,17.5,13.3328125,13.71,2.224890214110294,12.0,15.0,0.0,3.57,0.7725,0.82,0.5142081290683763,0.47,0.955,40000.0,79750.0,59875.0,59875.0,11546.779854141154,49937.5,69812.5,33.75,45.0,42.4985,43.5,2.7224486221047406,41.31,44.7525,0.0,2.95,0.491625,0.47,0.4416048679249358,0.0,0.83,3.0,21.0,16.560000000000002,18.0,3.4089758359366527,15.6275,18.25,0.0,7.5,0.6840625,0.43,1.0087264847785797,0.0,0.87,1.0,20.75,12.11175,12.5,3.7020003967449817,10.0,14.67,0.0,4.64,1.106875,0.83,0.8749808480046863,0.5,1.41,80000.0,119750.0,99875.0,99875.0,11546.779854141154,89937.5,109812.5,39.0,46.67,44.3864375,45.0,1.163889678446265,44.1875,45.0,0.0,1.8,0.27087500000000003,0.0,0.3643596909305419,0.0,0.4775,9.0,21.0,18.466749999999998,18.5,1.6700604592349344,18.0,19.0,0.0,2.35,0.33099999999999996,0.43,0.3292001670716465,0.0,0.4925,2.5,17.5,10.7366875,11.585,2.742249469385262,9.0,12.5,0.0,4.06,0.8726875,0.83,0.6470797109659289,0.47,1.0975000000000001
standing_dataset5.csv,0.0,39750.0,19875.0,19875.0,11546.779854141154,9937.5,29812.5,36.0,46.75,44.257687499999996,45.0,1.746363443657634,44.5,45.0,0.0,1.79,0.30618749999999995,0.43,0.35343293542587395,0.0,0.5,9.0,21.0,18.296625,18.75,2.4159231898748352,17.1875,20.0,0.0,6.02,0.45962499999999995,0.43,0.7514668052382619,0.0,0.5,1.0,19.5,11.6370625,11.5,3.720380961150854,9.5,14.25,0.0,6.18,0.9570000000000001,0.82,0.8172383373288358,0.47,1.22,40000.0,79750.0,59875.0,59875.0,11546.779854141154,49937.5,69812.5,36.0,46.5,43.284375,44.67,2.688899795339164,42.457499999999996,45.0,0.0,1.25,0.341,0.43,0.36893630886644924,0.0,0.5,7.0,19.75,16.2293125,17.0,2.278434528869274,15.0,18.0,0.0,3.27,0.4375,0.43,0.58482048527732,0.0,0.5,3.0,19.67,14.012,14.5,2.495521939394643,12.25,16.0,0.0,5.05,1.0193750000000001,0.83,0.8493119917762847,0.5,1.12,80000.0,119750.0,99875.0,99875.0,11546.779854141154,89937.5,109812.5,36.5,47.5,43.618,45.0,2.4994181322859927,41.75,45.269999999999996,0.0,1.92,0.4529375,0.47,0.3823963860887678,0.0,0.71,6.67,20.25,16.504875000000002,17.5,2.911088496486323,15.25,18.5,0.0,5.31,0.735875,0.47,0.8330646639817344,0.43,0.87,3.0,20.25,13.94575,14.25,2.9428832694315283,12.5,15.67,0.0,5.72,1.1426874999999999,0.83,1.0528352921249124,0.47,1.3
standing_dataset6.csv,0.0,39750.0,19875.0,19875.0,11546.779854141154,9937.5,29812.5,34.5,46.33,44.2705625,45.0,2.0703653804567326,45.0,45.0,0.0,2.12,0.230375,0.0,0.4049164844446321,0.0,0.43,10.75,21.0,17.850875000000002,18.0,1.7921730481108682,17.73,19.0,0.0,5.54,0.6310625,0.47,0.7477161868608637,0.0,0.83,1.0,18.0,13.703624999999999,14.0,2.6837693845364208,12.31,15.5,0.0,4.32,0.9480625,0.83,0.7484346137731405,0.47,1.22,40000.0,79750.0,59875.0,59875.0,11546.779854141154,49937.5,69812.5,37.33,47.25,44.63525,45.0,1.489097020848541,45.0,45.25,0.0,1.79,0.3391875,0.43,0.3596821024790502,0.0,0.5,7.0,21.0,17.8801875,18.33,1.9882503212230975,18.0,18.75,0.0,4.44,0.5769375,0.43,0.6756321085426225,0.0,0.71,3.67,19.67,13.2786875,13.0,2.6756443433953905,12.0,15.0,0.0,4.32,0.9410000000000001,0.83,0.8152938120702254,0.47,1.22,80000.0,119750.0,99875.0,99875.0,11546.779854141154,89937.5,109812.5,37.5,47.75,44.507625000000004,45.0,1.6834137516888117,45.0,45.25,0.0,2.18,0.301875,0.0,0.4034061035420758,0.0,0.5,5.0,21.33,18.114562499999998,19.25,3.4221663180789084,18.0,20.0,0.0,4.38,0.49074999999999996,0.43,0.6674424600667835,0.0,0.5,3.33,19.33,12.647937500000001,12.75,2.3462947110484116,12.0,13.75,0.0,3.94,0.8930624999999999,0.83,0.6973951506095738,0.47,1.12
standing_dataset7.csv,0.0,39750.0,19875.0,19875.0,11546.779854141154,9937.5,29812.5,35.5,46.5,44.993624999999994,45.33,1.2996872159773676,45.0,45.5,0.0,4.5,0.4730625,0.47,0.5594316277202693,0.0,0.5,3.0,21.0,17.515499999999996,18.75,3.754567684834034,16.9375,20.0,0.0,3.5,0.5895,0.43,0.6874398155475139,0.0,0.71,3.0,21.0,14.0015625,13.75,2.798011916270864,12.5,15.25,0.0,3.0,0.842625,0.83,0.5239531079924996,0.47,1.09,40000.0,79750.0,59875.0,59875.0,11546.779854141154,49937.5,69812.5,40.5,48.0,45.910250000000005,46.0,1.5013493722315268,45.0,46.542500000000004,0.0,3.35,0.34606250000000005,0.43,0.4370556270015866,0.0,0.5,5.0,21.0,16.564625,18.0,3.193070013227865,14.25,18.27,0.0,4.0,0.4573124999999999,0.43,0.5829394499806562,0.0,0.5,5.33,20.33,14.197750000000003,14.125,2.0710419931763817,12.73,15.27,0.0,4.24,0.8695,0.83,0.6346049952529526,0.43,1.22,80000.0,119750.0,99875.0,99875.0,11546.779854141154,89937.5,109812.5,37.75,48.0,47.7709375,48.0,1.0964492674509614,48.0,48.0,0.0,1.89,0.11793749999999999,0.0,0.27803573708023577,0.0,0.0,0.0,16.75,11.014937499999998,11.415,2.599033713920185,9.75,12.0625,0.0,5.12,0.7486875000000001,0.5,0.7254137800895086,0.43,1.12,2.5,17.75,11.98275,12.0,3.2563662551224177,10.0,15.25,0.0,6.0,0.9356249999999999,0.83,0.809781365169019,0.47,1.0975000000000001
standing_dataset8.csv,0.0,39750.0,19875.0,19875.0,11546.779854141154,9937.5,29812.5,41.25,48.0,47.485125000000004,47.5,0.6482215935735249,47.5,47.67,0.0,2.59,0.43206249999999996,0.5,0.2680767074808067,0.43,0.5,6.5,21.0,15.89725,17.1,3.6357184554775412,13.0,18.25,0.0,5.36,0.7029375,0.49,0.7348134090323543,0.43,0.83,2.67,18.25,11.0486875,11.5,2.9336922388593782,9.0,12.75,0.0,6.58,1.2758749999999999,1.045,1.0267243955292968,0.5,1.6549999999999998,40000.0,79750.0,59875.0,59875.0,11546.779854141154,49937.5,69812.5,46.5,48.0,47.68025,47.67,0.2884894928762572,47.5,48.0,0.0,0.83,0.31875000000000003,0.47,0.23506049753201833,0.0,0.5,15.5,20.0,17.8389375,18.0,0.6170723183661295,17.75,18.0,0.0,1.09,0.2071875,0.0,0.2672175421707003,0.0,0.43,4.75,17.75,14.152125000000002,14.71,2.4903125776446218,12.31,16.25,0.0,2.17,0.712,0.82,0.39415701186202434,0.47,0.8875,80000.0,119750.0,99875.0,99875.0,11546.779854141154,89937.5,109812.5,29.75,48.0,45.63125,46.25,2.6445795388870423,45.25,47.5,0.0,4.6,0.5381875,0.5,0.5026018203744889,0.43,0.5,7.5,20.33,16.807375,17.25,2.241550659560252,15.5,18.5,0.0,6.52,0.6961875,0.47,0.8662035498909884,0.43,0.83,4.5,21.25,14.6448125,15.0,2.64757152213944,13.5,15.8125,0.0,5.46,0.9855,0.82,0.9064455306304953,0.47,1.12
standing_dataset9.csv,0.0,39750.0,19875.0,19875.0,11546.779854141154,9937.5,29812.5,45.0,47.67,45.9731875,46.0,0.592944318501957,45.5,46.5,0.0,1.0,0.4485625000000001,0.5,0.2434102680532397,0.43,0.5,15.0,19.75,17.8044375,18.0,1.0139777776626813,17.75,18.33,0.0,1.3,0.3861875,0.43,0.3164685447935545,0.0,0.5,9.67,18.0,13.6854375,14.0,1.4977261293687008,12.75,14.5,0.0,4.06,0.7635,0.83,0.4300831314990161,0.47,0.94,40000.0,79750.0,59875.0,59875.0,11546.779854141154,49937.5,69812.5,45.0,47.0,46.1281875,46.25,0.4487076886389959,45.75,46.5,0.0,1.0,0.5084375,0.5,0.18771836243093,0.47,0.5,14.5,19.0,17.4920625,18.0,0.8823513308732243,17.25,18.0,0.0,1.3,0.3285,0.43,0.32401234544381174,0.0,0.47,6.67,17.25,13.29975,13.5,1.8258590272800361,12.25,14.75,0.0,2.12,0.7296874999999999,0.71,0.38289264467178,0.47,0.94,80000.0,119750.0,99875.0,99875.0,11546.779854141154,89937.5,109812.5,36.33,45.25,44.097500000000004,44.5,1.4739280002768114,44.25,45.0,0.0,1.66,0.4234375,0.5,0.34606908066706854,0.0,0.5,1.5,21.25,17.7176875,18.25,2.6954995413362157,18.0,19.0,0.0,4.11,0.6092500000000001,0.47,0.659844252456593,0.43,0.82,1.0,19.75,10.3004375,10.25,4.651648947802677,6.9375,14.0,0.0,4.5,0.8921249999999998,0.83,0.6412462353690663,0.47,1.22
walking_dataset10.csv,0.0,39750.0,19875.0,19875.0,11546.779854141154,9937.5,29812.5,22.5,43.75,34.17875,35.0,4.750295747371946,30.5,37.75,0.0,13.5,4.506749999999999,4.175,2.513595171760958,2.5,6.1499999999999995,8.5,24.0,15.290437500000001,15.29,3.09052854437453,13.0,17.347499999999997,0.0,8.58,3.2418124999999995,3.02,1.6840968914654968,1.98,4.2175,7.0,24.25,15.5190625,15.5,3.2567869129087565,13.75,17.75,0.0,8.32,3.4584374999999996,3.3449999999999998,1.7083832074782723,2.12,4.3375,40000.0,79750.0,59875.0,59875.0,11546.779854141154,49937.5,69812.5,22.0,51.25,33.8374375,34.5,5.275450602421915,30.625,37.3725,0.0,13.55,4.6566875,4.5,2.338241251954928,2.9875,6.02,8.0,23.75,15.2551875,15.125,2.9583466606947453,13.5,17.0,0.0,8.19,3.132,2.87,1.7120688508351525,1.9124999999999999,4.285,7.0,22.5,15.844125,16.0,3.134780771341913,13.75,18.25,0.43,7.68,3.5427500000000003,3.37,1.5901123977568377,2.28,4.6,80000.0,119750.0,99875.0,99875.0,11546.779854141154,89937.5,109812.5,21.5,43.67,34.744375,36.0,4.718565286119818,31.33,38.3725,0.0,13.47,4.21025,3.835,2.274132513179476,2.6,5.53,6.5,21.25,15.19325,15.25,2.817443777167523,13.5,17.0,0.0,9.5,3.4636250000000004,3.3,1.8553848952104253,2.06,4.6175,8.0,23.25,15.785062499999999,15.75,2.93017085612661,14.0,17.5625,0.0,8.08,3.5010624999999997,3.24,1.7674669717122722,2.27,4.64
walking_dataset11.csv,0.0,39750.0,19875.0,19875.0,11546.779854141154,9937.5,29812.5,19.5,45.0,33.325624999999995,33.875,4.973804716650524,29.75,37.0625,0.47,11.78,4.3713125,4.195,2.200065942726206,2.535,5.970000000000001,7.33,22.25,15.106,15.25,2.9183677372805503,13.0,17.25,0.0,7.85,3.2533749999999997,3.11,1.6486149063304625,2.05,4.1275,8.0,25.0,15.88025,15.75,3.4244583422053774,13.67,18.0,0.0,8.22,3.2353750000000003,2.955,1.6903283288683888,2.0575,4.44,40000.0,79750.0,59875.0,59875.0,11546.779854141154,49937.5,69812.5,22.25,41.75,33.620375,34.415,4.513814889799425,30.5,36.8125,0.0,12.0,4.605124999999999,4.26,2.45101075770283,3.0,6.045,7.5,22.75,15.526499999999999,15.5,3.0374117682658706,13.31,17.5,0.0,9.0,3.40375,3.33,1.6256943708766416,2.29,4.3675,6.33,23.0,15.909437500000001,15.875,3.309683755072945,13.6275,18.25,0.43,8.32,3.3157500000000004,3.27,1.6988347293071213,2.05,4.1275,80000.0,119750.0,99875.0,99875.0,11546.779854141154,89937.5,109812.5,23.5,45.33,33.814625,34.5,4.418586296472549,30.6875,37.0,0.0,14.67,4.7532499999999995,4.32,2.6853194758724706,3.0925,6.485,7.67,23.25,15.3210625,15.0,2.9298855773039585,13.33,17.27,0.0,7.4,3.0245625000000005,2.87,1.6406766313304246,1.685,4.19,7.67,23.33,15.886750000000001,16.25,3.0991687494391136,13.75,18.27,0.47,6.83,3.2280625,3.165,1.5186821988466679,2.05,4.365
walking_dataset12.csv,0.0,39750.0,19875.0,19875.0,11546.779854141154,9937.5,29812.5,21.33,44.5,34.18325,34.75,4.931071834550781,30.73,38.0,0.0,13.47,4.8576250000000005,4.15,2.802007871040872,2.93,6.585,9.0,22.0,15.088624999999999,15.0,2.6909509210268028,13.25,16.8125,0.43,9.0,3.2674374999999998,2.975,1.594515697192646,2.12,4.3975,6.25,22.75,15.4443125,16.0,3.135558686636841,13.25,17.5625,0.83,8.41,3.4253750000000003,2.995,1.6251064917029283,2.27,4.7125,40000.0,79750.0,59875.0,59875.0,11546.779854141154,49937.5,69812.5,19.75,45.5,34.2593125,35.0,4.790464502774626,31.4375,38.0,0.0,12.73,4.3302499999999995,3.865,2.4898009333077216,2.59,5.695,6.25,22.0,15.2655,15.25,2.750945701027194,13.75,17.0,0.0,6.76,3.4681875,3.49,1.3794885247234752,2.59,4.569999999999999,6.67,23.25,15.739999999999998,15.875,3.133910297057017,13.67,18.0,0.0,8.18,3.3568749999999996,3.085,1.8076743302860168,2.05,4.5,80000.0,119750.0,99875.0,99875.0,11546.779854141154,89937.5,109812.5,24.5,43.75,34.5256875,35.5,4.504249468817613,31.0,37.75,0.0,12.5,4.181125,3.68,2.4338403263926334,2.29,5.9825,7.75,22.25,15.275187499999998,15.365,2.6780610924405273,13.5,17.0625,0.47,7.46,3.0960625,2.8449999999999998,1.4904697652397214,2.05,4.0375,6.33,21.5,15.467062500000003,15.585,3.0712219874333,13.5,17.75,0.0,9.67,3.5154375,3.3,1.7512737674600594,2.375,4.5649999999999995
walking_dataset13.csv,0.0,39750.0,19875.0,19875.0,11546.779854141154,9937.5,29812.5,20.67,43.33,34.01531250000001,34.71,4.661228368396441,31.25,37.0625,0.0,12.07,4.6223125000000005,4.5,2.341556165746137,2.87,6.09,8.33,22.67,15.508937499999998,15.5,2.797121197962961,13.75,17.5,0.0,8.34,3.1213124999999997,2.925,1.7359093877111647,1.79,4.32,7.0,22.33,16.19475,16.0,2.897213305488569,14.0,18.5,0.0,10.0,3.2965625000000003,2.995,1.7071625021051013,2.17,4.15,40000.0,79750.0,59875.0,59875.0,11546.779854141154,49937.5,69812.5,19.5,45.0,34.5384375,35.415,5.142538228695413,30.5,38.0,0.0,12.47,4.251625,4.025,2.22333530070815,2.49,5.55,7.0,22.5,15.19725,15.29,2.849145913690627,13.25,17.0625,0.0,7.04,2.6670625,2.415,1.5970302896607032,1.4625,3.5949999999999998,8.0,22.75,15.969312500000001,16.0,2.743022539525286,14.25,17.75,0.0,7.32,3.16125,2.98,1.5152816363633528,2.0175,4.130000000000001,80000.0,119750.0,99875.0,99875.0,11546.779854141154,89937.5,109812.5,20.25,46.0,35.0849375,35.875,4.631628357942135,32.0,38.0,0.0,12.28,4.241937500000001,4.095000000000001,2.481966835212298,2.28,5.6850000000000005,7.67,21.0,14.850999999999999,14.875,2.570495137128254,13.0,16.75,0.0,8.22,3.2976875,3.1550000000000002,1.5892094032391548,2.105,4.15,7.0,21.0,15.1145625,15.0,2.7005276907659637,13.6275,17.25,0.0,8.64,3.5565624999999996,3.4299999999999997,1.7105616938870547,2.3425,4.7125
walking_dataset14.csv,0.0,39750.0,19875.0,19875.0,11546.779854141154,9937.5,29812.5,24.33,44.0,34.8948125,35.25,4.342867280362566,32.1875,37.75,0.0,14.82,4.4205,3.9799999999999995,2.453227669826019,2.5825,5.9525,6.67,24.25,15.533625,15.5,3.0206548312203765,13.5,17.3725,0.0,8.34,3.12975,3.03,1.5496902714736258,1.92,4.11,7.25,23.5,15.643062500000003,15.75,2.932513213285449,13.4375,17.5,0.0,9.18,3.4436875000000002,3.27,1.771255424083085,2.1500000000000004,4.6025,40000.0,79750.0,59875.0,59875.0,11546.779854141154,49937.5,69812.5,23.5,46.25,34.88625,35.415,4.538444908501148,31.9375,38.25,0.0,12.26,4.243687499999999,3.7,2.5659088599059303,2.41,5.745,8.75,23.25,15.632,15.75,2.633862135723888,13.5,17.0,0.43,9.9,3.4076250000000003,3.255,1.559926876291001,2.2225,4.395,6.0,22.67,16.291562499999998,16.5,3.168949460561615,14.1875,18.5625,0.43,9.51,3.4068125,3.275,1.7351579077547237,2.17,4.32,80000.0,119750.0,99875.0,99875.0,11546.779854141154,89937.5,109812.5,23.67,45.33,34.838625,35.25,4.692685463503281,31.5,38.425,0.43,11.02,4.4775625,4.25,2.263855601312449,2.5975,6.039999999999999,9.0,22.67,15.2479375,15.25,2.747648107217107,13.5,17.0625,0.47,7.0,3.0796875,2.85,1.418976048897144,2.05,4.15,5.5,23.5,15.6870625,15.75,3.231891976241432,13.6875,17.75,0.0,7.31,3.4234375,3.35,1.5528566606721141,2.2525,4.4925
walking_dataset15.csv,0.0,39750.0,19875.0,19875.0,11546.779854141154,9937.5,29812.5,19.25,43.75,35.002187500000005,35.5,4.742837056008118,32.31,38.25,0.0,13.86,4.285375,3.7,2.5054061266339636,2.4325,5.5200000000000005,7.0,20.67,15.179374999999999,15.25,2.900772243623239,13.0,17.5,0.0,9.09,3.2090625000000004,2.955,1.5792164975372283,2.12,4.0825,8.25,22.75,15.664625000000001,15.875,3.034193032648879,13.4375,18.0,0.43,7.7,3.2941875000000005,2.87,1.6620832078580634,1.92,4.33,40000.0,79750.0,59875.0,59875.0,11546.779854141154,49937.5,69812.5,20.75,44.0,34.25693750000001,34.75,4.611758205510535,31.1875,37.7525,0.0,12.97,4.2763124999999995,3.98,2.3184932127016786,2.49,5.8999999999999995,6.0,21.0,15.506499999999999,15.5,2.708018232951913,14.0,17.3125,0.0,9.1,3.2924999999999995,3.085,1.7420297069797632,2.05,4.03,4.67,23.25,16.0114375,16.33,3.1168355039356426,14.0,18.0625,0.43,9.0,3.5125,3.3,1.7578879372701777,2.2225,4.535,80000.0,119750.0,99875.0,99875.0,11546.779854141154,89937.5,109812.5,21.75,43.33,34.1604375,34.5,4.969317023856875,31.0,38.25,0.43,10.2,4.51625,4.26,2.322328505509072,2.575,5.96,9.0,22.75,15.588249999999999,15.875,2.768425669491598,14.0,17.25,0.0,7.65,3.06325,2.9050000000000002,1.4603049981082719,2.0175,3.9225000000000003,5.75,22.33,15.4364375,15.875,3.276606923876245,13.75,17.5,0.43,8.26,3.2146874999999993,3.085,1.6561023224256857,2.06,4.2175
walking_dataset4.csv,0.0,39750.0,19875.0,19875.0,11546.779854141154,9937.5,29812.5,23.0,45.0,34.997749999999996,35.5,5.172143408442964,31.73,38.69,0.0,13.27,4.3104375,4.21,2.632515039575985,2.45,5.7675,9.5,24.5,15.5054375,15.5,3.232116150232499,13.1875,17.5425,0.0,7.02,2.7911875000000004,2.69,1.4976716812585293,1.7675,3.695,6.25,22.75,16.391624999999998,16.75,3.189693928792385,14.5,18.75,0.0,7.89,2.9891875,2.86,1.6548598777067955,1.89,3.9,40000.0,79750.0,59875.0,59875.0,11546.779854141154,49937.5,69812.5,18.0,46.0,35.4905,36.0,4.865231597776204,31.9375,38.75,0.0,15.08,4.199125,3.57,2.653372944833613,2.3575,5.745,8.25,23.67,15.550187499999998,15.75,3.0894276314300924,13.4575,17.69,0.0,7.68,3.066375,2.865,1.367715927879397,2.1025,3.83,6.5,23.5,15.8373125,16.0,3.3780274795128222,13.67,18.0,0.0,8.5,3.2415000000000007,2.8200000000000003,1.8481805918253766,1.79,4.5525,80000.0,119750.0,99875.0,99875.0,11546.779854141154,89937.5,109812.5,24.75,42.67,35.09175,35.375,4.128098162289749,32.1875,38.269999999999996,0.43,16.2,4.4535,3.9,2.575631281841405,2.4975,5.8999999999999995,5.67,22.67,15.331062500000002,15.5,3.0027615616451717,13.67,17.25,0.82,8.76,3.3609999999999998,3.27,1.5932204806617318,2.12,4.5,7.33,23.33,16.0746875,16.33,3.0104312236528092,14.1875,18.33,0.0,7.98,3.4951875,3.325,1.7573008321979906,2.105,4.9325
walking_dataset5.csv,0.0,39750.0,19875.0,19875.0,11546.779854141154,9937.5,29812.5,23.0,46.0,35.12531249999999,35.375,4.650202673254548,32.0,38.8125,0.0,10.61,4.0722499999999995,3.77,2.229635045809067,2.49,5.695,5.0,20.75,15.066624999999998,15.0,2.9372754993999113,13.25,17.25,0.0,8.04,3.3388125000000004,3.0599999999999996,1.6418485663555427,2.16,4.3225,8.25,25.5,16.674500000000002,16.5,3.037246656101542,14.5,18.69,0.0,7.4,3.0944374999999997,3.02,1.5996756494970317,1.79,4.195,40000.0,79750.0,59875.0,59875.0,11546.779854141154,49937.5,69812.5,22.33,46.25,34.9740625,36.0,4.743616539212856,32.0,38.25,0.43,12.68,4.2045,3.72,2.410968633143119,2.45,5.7225,7.75,22.0,15.1491875,15.415,2.7250467821385653,13.5,17.0,0.0,6.87,3.1449375,3.08,1.469916662975745,2.06,4.3,6.0,25.25,15.8356875,16.0,3.2342370858277767,13.75,18.0,0.0,8.83,3.2291874999999997,3.0999999999999996,1.622395979668265,2.0175,4.4025,80000.0,119750.0,99875.0,99875.0,11546.779854141154,89937.5,109812.5,20.75,43.67,34.190625,35.0,4.7639632512620205,30.75,37.25,0.47,12.09,4.3946250000000004,4.2,2.1676983437219763,2.6875,5.7225,8.0,23.75,15.501249999999999,15.75,3.0627401436458825,13.5,17.67,0.0,9.2,3.1374375,2.895,1.640306467887556,2.0374999999999996,3.99,7.67,23.75,16.3885,16.25,3.1818198801943516,14.1875,18.5625,0.43,9.39,3.5411875000000004,3.4,1.682236001530032,2.45,4.44
walking_dataset6.csv,0.0,39750.0,19875.0,19875.0,11546.779854141154,9937.5,29812.5,21.5,45.67,34.28475,34.9,4.452511222613594,31.5,37.25,0.0,12.07,4.211875000000001,3.835,2.3210717318460885,2.375,5.805,9.0,22.25,15.3990625,15.5,2.8507206976646713,13.0,17.5125,0.0,8.32,3.253999999999999,3.02,1.593980944051716,2.05,4.06,6.33,23.0,15.934875,16.5,3.1949645904727957,13.73,18.0625,0.0,9.19,3.3175,3.0,1.7811130649119387,2.1675,4.5125,40000.0,79750.0,59875.0,59875.0,11546.779854141154,49937.5,69812.5,25.25,45.0,35.572375,36.25,4.066254955038481,33.0,38.5,0.0,12.21,4.0979375000000005,4.045,2.266303459621802,2.4800000000000004,5.3175,9.0,23.0,15.8145625,15.75,2.8245344410351505,13.67,18.0,0.0,9.09,3.0899375,2.9299999999999997,1.4971950845142892,2.1675,3.7475,7.33,21.75,15.5575625,15.585,3.201138029450425,13.9375,18.0625,0.0,8.23,3.3549374999999997,3.0949999999999998,1.6762637012396797,2.12,4.5125,80000.0,119750.0,99875.0,99875.0,11546.779854141154,89937.5,109812.5,21.75,51.0,34.9503125,35.125,5.237452198096299,31.875,38.5,0.0,11.41,4.0374375,3.56,2.4055758787853168,2.255,5.5275,6.5,23.33,15.359937500000001,15.25,2.991687336787344,13.25,17.3725,0.0,6.67,2.9344375,2.83,1.3904962004959776,2.05,3.7,8.0,25.0,16.49925,16.585,3.0983403924520623,14.67,18.3725,0.0,10.21,3.167625,3.015,1.6307687939665145,2.05,4.21
walking_dataset7.csv,0.0,39750.0,19875.0,19875.0,11546.779854141154,9937.5,29812.5,18.33,43.33,33.574875,33.75,5.221262896500711,30.33,37.5,0.0,11.97,4.431875,4.025,2.515725836488348,2.615,5.89,8.33,21.67,15.17475,15.0,2.8653568604102353,13.4575,17.0,0.0,7.85,3.21225,2.86,1.7343763108103154,2.105,4.1049999999999995,9.5,22.5,15.9036875,16.0,2.5606660807968984,14.0,17.67,0.43,7.55,3.2828125,3.03,1.6178323352077464,1.92,4.41,40000.0,79750.0,59875.0,59875.0,11546.779854141154,49937.5,69812.5,22.25,47.67,34.34287500000001,34.75,4.926216903910647,30.6875,37.69,0.43,12.44,4.3248750000000005,3.77,2.44304778593768,2.45,5.6899999999999995,8.5,21.75,15.585249999999998,15.33,2.94070802486408,14.0,17.5425,0.0,8.32,3.3643124999999996,3.135,1.6491617650624057,2.17,4.44,10.25,22.0,16.111125,16.25,2.6979892947109705,14.25,18.0625,0.0,8.01,3.291375,2.9450000000000003,1.5723936718821403,2.17,4.305,80000.0,119750.0,99875.0,99875.0,11546.779854141154,89937.5,109812.5,20.33,44.67,35.081375,35.25,4.544644029995639,32.25,38.25,0.0,12.48,4.434125,3.9299999999999997,2.72909448982167,2.49,5.76,7.67,23.33,15.9286875,16.0,3.0371726411818853,13.6875,17.85,0.0,9.01,3.018375,2.8449999999999998,1.6199270382875275,1.885,4.157500000000001,6.67,24.0,15.5785,15.33,3.601706227609353,13.0,18.0625,0.0,7.46,3.2105625000000004,3.0,1.654323217691679,2.05,4.15
walking_dataset8.csv,0.0,39750.0,19875.0,19875.0,11546.779854141154,9937.5,29812.5,19.33,44.0,35.285000000000004,36.0,4.621625255253827,32.730000000000004,38.8125,0.47,12.38,4.3688125,4.06,2.4837522953877165,2.6,5.5249999999999995,8.0,22.5,15.270875,15.125,3.0405960327499932,13.25,17.3725,0.0,8.07,3.1415,3.0,1.556037113953263,1.95,4.26,9.33,23.25,16.2786875,15.875,2.8585064111076868,14.4575,18.3725,0.0,8.86,3.1929375,2.865,1.6509560097391298,2.105,4.15,40000.0,79750.0,59875.0,59875.0,11546.779854141154,49937.5,69812.5,18.33,43.0,34.278,35.375,4.750247204093698,30.4575,37.75,0.0,11.07,4.2947500000000005,4.03,2.4422161938493487,2.4800000000000004,5.845,9.25,23.5,15.358437499999999,15.375,2.955845383911978,13.25,17.5,0.0,9.18,3.2573125,3.22,1.604525132973538,2.1574999999999998,4.2175,6.5,23.0,15.860375,16.0,3.009208551990872,13.6275,17.75,0.0,8.22,3.3231875000000004,3.085,1.7006874977031348,2.05,4.5,80000.0,119750.0,99875.0,99875.0,11546.779854141154,89937.5,109812.5,23.33,45.75,34.236625000000004,34.75,4.732900258760478,31.25,37.5,0.0,15.37,4.5329375,3.9,2.6699860947379017,2.6125,6.045,5.5,24.0,14.8916875,15.0,3.0826123705947444,12.73,17.0,0.0,7.83,3.0376875,2.9299999999999997,1.6004461182257121,1.9124999999999999,4.03,7.33,22.75,16.027625,16.0,2.8215663840099525,14.0,18.25,0.5,8.84,3.3525,3.11,1.6789412586508201,2.18,4.15
walking_dataset9.csv,0.0,39750.0,19875.0,19875.0,11546.779854141154,9937.5,29812.5,23.0,42.75,34.2700625,34.585,4.525797374065011,31.31,37.542500000000004,0.0,14.5,4.1804375,3.72,2.473821018908553,2.5374999999999996,5.41,7.67,22.67,15.618624999999998,15.71,3.0037891669314947,13.9375,17.75,0.43,8.5,3.272500000000001,2.95,1.6759900059367896,2.0374999999999996,4.245,5.75,23.25,16.160874999999997,16.125,3.151105636816227,14.33,18.33,0.0,8.18,3.2725625000000003,3.0999999999999996,1.636847674218267,2.12,4.09,40000.0,79750.0,59875.0,59875.0,11546.779854141154,49937.5,69812.5,23.0,43.67,34.315625,35.0,4.453819945774077,31.25,37.3125,0.0,12.09,4.6266875,4.5,2.4661223920040447,2.665,6.1425,9.33,23.0,15.6013125,15.415,2.611422534241395,14.0,17.27,0.43,9.2,3.487625,3.27,1.7929084219153528,2.16,4.79,9.67,22.25,16.2190625,16.125,2.7499447260070067,14.33,18.25,0.43,9.42,3.6764375,3.32,1.8864733455826377,2.2875,4.8325000000000005,80000.0,119750.0,99875.0,99875.0,11546.779854141154,89937.5,109812.5,15.5,43.0,34.0919375,34.71,4.326440438870476,31.0,37.0,0.0,17.24,4.256375,3.6900000000000004,2.584708998973579,2.45,5.84,9.25,23.0,15.5995,15.5,2.7990569393994114,13.75,17.69,0.0,8.84,3.336,3.02,1.7088907952236152,2.1025,4.4025,6.67,24.0,16.0640625,16.25,3.051688732668152,14.5,18.0,0.43,8.79,3.489625,3.3099999999999996,1.7221385279282848,2.3425,4.5725
